scientificName;phylum_name;class_name;order_name;family_name;genus_name;broad
Archaeospora sp. PODO7.3;Mucoromycota;Glomeromycetes;Archaeosporales;Archaeosporaceae;Archaeospora;fungi
Glomus sp. 9 SUN-2011;Mucoromycota;Glomeromycetes;Glomerales;Glomeraceae;Glomus;fungi
Capsellina sp. ATCC 50039;amoebozoa;NA;NA;Chlamydophryidae;Capsellina;protiste
Pseudochilodonopsis sp. 3 WS-2013;ciliata;Phyllopharyngea;Chlamydodontida;Chilodonellidae;Pseudochilodonopsis;protiste
Acrobeles sp.;Nematoda;Chromadorea;Rhabditida;Cephalobidae;Acrobeles;nématode
Panagrolaimus sp. PS443;Nematoda;Chromadorea;Rhabditida;Panagrolaimidae;Panagrolaimus;nématode
Mesorhabditis sp. 334Meso1;Nematoda;Chromadorea;Rhabditida;Rhabditidae;Mesorhabditis;nématode
Leptomyxa sp. AS-2016b;amoebozoa;NA;Leptomyxida;Leptomyxidae;Leptomyxa;protiste
Melolonthinae;Arthropoda;Insecta;Coleoptera;Scarabaeidae;NA;insecte
uncultured Candidatus Nitrosopumilus sp.;Thaumarchaeota;NA;Nitrosopumilales;Nitrosopumilaceae;Nitrosopumilus;archae
Nitrososphaeraceae;Thaumarchaeota;Nitrososphaeria;Nitrososphaerales;Nitrososphaeraceae;NA;archae
uncultured Nitrososphaera sp.;Thaumarchaeota;Nitrososphaeria;Nitrososphaerales;Nitrososphaeraceae;Nitrososphaera;archae
Methanomassiliicoccus sp. 138;Euryarchaeota;Thermoplasmata;Methanomassiliicoccales;Methanomassiliicoccaceae;Methanomassiliicoccus;archae
Methanomassiliicoccus sp. 142;Euryarchaeota;Thermoplasmata;Methanomassiliicoccales;Methanomassiliicoccaceae;Methanomassiliicoccus;archae
Methanomassiliicoccus sp. P27;Euryarchaeota;Thermoplasmata;Methanomassiliicoccales;Methanomassiliicoccaceae;Methanomassiliicoccus;archae
uncultured Acidimicrobium sp.;Actinobacteria;Acidimicrobiia;Acidimicrobiales;Acidimicrobiaceae;Acidimicrobium;bactérie
uncultured Aciditerrimonas sp.;Actinobacteria;Acidimicrobiia;Acidimicrobiales;Acidimicrobiaceae;Aciditerrimonas;bactérie
uncultured Ferrimicrobium sp.;Actinobacteria;Acidimicrobiia;Acidimicrobiales;Acidimicrobiaceae;Ferrimicrobium;bactérie
uncultured Ferrithrix sp.;Actinobacteria;Acidimicrobiia;Acidimicrobiales;Acidimicrobiaceae;Ferrithrix;bactérie
uncultured Ilumatobacter sp.;Actinobacteria;Acidimicrobiia;Acidimicrobiales;Acidimicrobiaceae;Ilumatobacter;bactérie
uncultured Iamia sp.;Actinobacteria;Acidimicrobiia;Acidimicrobiales;Iamiaceae;Iamia;bactérie
uncultured Candidatus Microthrix sp.;Actinobacteria;Acidimicrobiia;Acidimicrobiales;Microthrixaceae;Candidatus Microthrix;bactérie
uncultured Acidothermus sp.;Actinobacteria;Actinobacteria;Acidothermales;Acidothermaceae;Acidothermus;bactérie
uncultured Actinomyces sp.;Actinobacteria;Actinobacteria;Actinomycetales;Actinomycetaceae;Actinomyces;bactérie
Mycobacterium sp. PSY065;Actinobacteria;Actinobacteria;Corynebacteriales;Mycobacteriaceae;Mycobacterium;bactérie
uncultured Mycobacterium sp.;Actinobacteria;Actinobacteria;Corynebacteriales;Mycobacteriaceae;Mycobacterium;bactérie
uncultured Rhodococcus sp.;Actinobacteria;Actinobacteria;Corynebacteriales;Nocardiaceae;Rhodococcus;bactérie
uncultured Frankia sp.;Actinobacteria;Actinobacteria;Frankiales;Frankiaceae;Frankia;bactérie
uncultured Sporichthya sp.;Actinobacteria;Actinobacteria;Frankiales;Sporichthyaceae;Sporichthya;bactérie
Blastococcus sp. URHB0062;Actinobacteria;Actinobacteria;Geodermatophilales;Geodermatophilaceae;Blastococcus;bactérie
Blastococcus sp. URHD0003;Actinobacteria;Actinobacteria;Geodermatophilales;Geodermatophilaceae;Blastococcus;bactérie
Geodermatophilus sp. Z2R53;Actinobacteria;Actinobacteria;Geodermatophilales;Geodermatophilaceae;Geodermatophilus;bactérie
uncultured Kineococcus sp.;Actinobacteria;Actinobacteria;Kineosporiales;Kineosporiaceae;Kineococcus;bactérie
uncultured Kineosporia sp.;Actinobacteria;Actinobacteria;Kineosporiales;Kineosporiaceae;Kineosporia;bactérie
Demequina sp. CMS382;Actinobacteria;Actinobacteria;Micrococcales;Demequinaceae;Demequina;bactérie
uncultured Demequina sp.;Actinobacteria;Actinobacteria;Micrococcales;Demequinaceae;Demequina;bactérie
uncultured Janibacter sp.;Actinobacteria;Actinobacteria;Micrococcales;Intrasporangiaceae;Janibacter;bactérie
Frigoribacterium sp. B1-25c-3;Actinobacteria;Actinobacteria;Micrococcales;Microbacteriaceae;Frigoribacterium;bactérie
Humibacter sp. Po15c;Actinobacteria;Actinobacteria;Micrococcales;Microbacteriaceae;Humibacter;bactérie
Leifsonia sp. A5AGK;Actinobacteria;Actinobacteria;Micrococcales;Microbacteriaceae;Leifsonia;bactérie
Salinibacterium sp. CC13L1;Actinobacteria;Actinobacteria;Micrococcales;Microbacteriaceae;Salinibacterium;bactérie
uncultured Sinomonas sp.;Actinobacteria;Actinobacteria;Micrococcales;Micrococcaceae;Sinomonas;bactérie
uncultured Actinocatenispora sp.;Actinobacteria;Actinobacteria;Micromonosporales;Micromonosporaceae;Actinocatenispora;bactérie
Actinoplanes sp. IR51-RC111;Actinobacteria;Actinobacteria;Micromonosporales;Micromonosporaceae;Actinoplanes;bactérie
uncultured Actinoplanes sp.;Actinobacteria;Actinobacteria;Micromonosporales;Micromonosporaceae;Actinoplanes;bactérie
Catellatospora sp. KC-EP-S6;Actinobacteria;Actinobacteria;Micromonosporales;Micromonosporaceae;Catellatospora;bactérie
uncultured Dactylosporangium sp.;Actinobacteria;Actinobacteria;Micromonosporales;Micromonosporaceae;Dactylosporangium;bactérie
Luedemannella sp. 119-1-07;Actinobacteria;Actinobacteria;Micromonosporales;Micromonosporaceae;Luedemannella;bactérie
uncultured Micromonospora sp.;Actinobacteria;Actinobacteria;Micromonosporales;Micromonosporaceae;Micromonospora;bactérie
Nakamurella sp. A24MTO;Actinobacteria;Actinobacteria;Nakamurellales;Nakamurellaceae;Nakamurella;bactérie
Aeromicrobium sp. HJX17;Actinobacteria;Actinobacteria;Propionibacteriales;Nocardioidaceae;Aeromicrobium;bactérie
Aeromicrobium sp. RODSPM17;Actinobacteria;Actinobacteria;Propionibacteriales;Nocardioidaceae;Aeromicrobium;bactérie
Kribbella sp. enrichment culture clone VanCtr42;Actinobacteria;Actinobacteria;Propionibacteriales;Nocardioidaceae;Kribbella;bactérie
uncultured Marmoricola sp.;Actinobacteria;Actinobacteria;Propionibacteriales;Nocardioidaceae;Marmoricola;bactérie
Nocardioides sp.;Actinobacteria;Actinobacteria;Propionibacteriales;Nocardioidaceae;Nocardioides;bactérie
Nocardioides sp. MSL 24;Actinobacteria;Actinobacteria;Propionibacteriales;Nocardioidaceae;Nocardioides;bactérie
Nocardioides sp. RW28;Actinobacteria;Actinobacteria;Propionibacteriales;Nocardioidaceae;Nocardioides;bactérie
Nocardioides sp. SSRB28-7;Actinobacteria;Actinobacteria;Propionibacteriales;Nocardioidaceae;Nocardioides;bactérie
uncultured Nocardioides sp.;Actinobacteria;Actinobacteria;Propionibacteriales;Nocardioidaceae;Nocardioides;bactérie
uncultured Microlunatus sp.;Actinobacteria;Actinobacteria;Propionibacteriales;Propionibacteriaceae;Microlunatus;bactérie
uncultured Lentzea sp.;Actinobacteria;Actinobacteria;Pseudonocardiales;Pseudonocardiaceae;Lentzea;bactérie
uncultured Pseudonocardia sp.;Actinobacteria;Actinobacteria;Pseudonocardiales;Pseudonocardiaceae;Pseudonocardia;bactérie
Streptomyces sp. PanSC6;Actinobacteria;Actinobacteria;Streptomycetales;Streptomycetaceae;Streptomyces;bactérie
uncultured Streptomyces sp.;Actinobacteria;Actinobacteria;Streptomycetales;Streptomycetaceae;Streptomyces;bactérie
uncultured Actinoallomurus sp.;Actinobacteria;Actinobacteria;Streptosporangiales;Thermomonosporaceae;Actinoallomurus;bactérie
Actinomadura sp. 1g12710;Actinobacteria;Actinobacteria;Streptosporangiales;Thermomonosporaceae;Actinomadura;bactérie
uncultured Caulobacter sp.;Proteobacteria;Alphaproteobacteria;Caulobacterales;Caulobacteraceae;Caulobacter;bactérie
Phenylobacterium sp. B6.10-61;Proteobacteria;Alphaproteobacteria;Caulobacterales;Caulobacteraceae;Phenylobacterium;bactérie
Phenylobacterium sp. enrichment culture clone LplF-80;Proteobacteria;Alphaproteobacteria;Caulobacterales;Caulobacteraceae;Phenylobacterium;bactérie
Phenylobacterium sp. URHA0004;Proteobacteria;Alphaproteobacteria;Caulobacterales;Caulobacteraceae;Phenylobacterium;bactérie
uncultured Phenylobacterium sp.;Proteobacteria;Alphaproteobacteria;Caulobacterales;Caulobacteraceae;Phenylobacterium;bactérie
uncultured Woodsholea sp.;Proteobacteria;Alphaproteobacteria;Caulobacterales;Caulobacteraceae;Woodsholea;bactérie
Rhizomicrobium sp. URHE0053;Proteobacteria;Alphaproteobacteria;Micropepsales;Micropepsaceae;Rhizomicrobium;bactérie
uncultured Rhizomicrobium sp.;Proteobacteria;Alphaproteobacteria;Micropepsales;Micropepsaceae;Rhizomicrobium;bactérie
uncultured Methylocapsa sp.;Proteobacteria;Alphaproteobacteria;Rhizobiales;Beijerinckiaceae;Methylocapsa;bactérie
uncultured Methylocella sp.;Proteobacteria;Alphaproteobacteria;Rhizobiales;Beijerinckiaceae;Methylocella;bactérie
Bradyrhizobium sp. Shinshu-th2;Proteobacteria;Alphaproteobacteria;Rhizobiales;Bradyrhizobiaceae;Bradyrhizobium;bactérie
Bradyrhizobium sp. URHC0015;Proteobacteria;Alphaproteobacteria;Rhizobiales;Bradyrhizobiaceae;Bradyrhizobium;bactérie
uncultured Bradyrhizobium sp.;Proteobacteria;Alphaproteobacteria;Rhizobiales;Bradyrhizobiaceae;Bradyrhizobium;bactérie
uncultured Rhodopseudomonas sp.;Proteobacteria;Alphaproteobacteria;Rhizobiales;Bradyrhizobiaceae;Rhodopseudomonas;bactérie
Mycoplana sp. HP12Q;Proteobacteria;Alphaproteobacteria;Rhizobiales;Brucellaceae;Mycoplana;bactérie
uncultured Blastochloris sp.;Proteobacteria;Alphaproteobacteria;Rhizobiales;Hyphomicrobiaceae;Blastochloris;bactérie
Devosia sp. P-37;Proteobacteria;Alphaproteobacteria;Rhizobiales;Hyphomicrobiaceae;Devosia;bactérie
uncultured Hyphomicrobium sp.;Proteobacteria;Alphaproteobacteria;Rhizobiales;Hyphomicrobiaceae;Hyphomicrobium;bactérie
uncultured Pedomicrobium sp.;Proteobacteria;Alphaproteobacteria;Rhizobiales;Hyphomicrobiaceae;Pedomicrobium;bactérie
uncultured Prosthecomicrobium sp.;Proteobacteria;Alphaproteobacteria;Rhizobiales;Hyphomicrobiaceae;Prosthecomicrobium;bactérie
uncultured Rhodomicrobium sp.;Proteobacteria;Alphaproteobacteria;Rhizobiales;Hyphomicrobiaceae;Rhodomicrobium;bactérie
environmental samples;Proteobacteria;Alphaproteobacteria;Rhizobiales;Hyphomicrobiaceae;Rhodoplanes;bactérie
Rhodoplanes sp. Z2-YC6860;Proteobacteria;Alphaproteobacteria;Rhizobiales;Hyphomicrobiaceae;Rhodoplanes;bactérie
uncultured Rhodoplanes sp.;Proteobacteria;Alphaproteobacteria;Rhizobiales;Hyphomicrobiaceae;Rhodoplanes;bactérie
uncultured Microvirga sp.;Proteobacteria;Alphaproteobacteria;Rhizobiales;Methylobacteriaceae;Microvirga;bactérie
uncultured Methylosinus sp.;Proteobacteria;Alphaproteobacteria;Rhizobiales;Methylocystaceae;Methylosinus;bactérie
uncultured Aminobacter sp.;Proteobacteria;Alphaproteobacteria;Rhizobiales;Phyllobacteriaceae;Aminobacter;bactérie
uncultured Mesorhizobium sp.;Proteobacteria;Alphaproteobacteria;Rhizobiales;Phyllobacteriaceae;Mesorhizobium;bactérie
uncultured Nitratireductor sp.;Proteobacteria;Alphaproteobacteria;Rhizobiales;Phyllobacteriaceae;Nitratireductor;bactérie
Rhizobium/Agrobacterium group;Proteobacteria;Alphaproteobacteria;Rhizobiales;Rhizobiaceae;NA;bactérie
uncultured Rhizobium sp.;Proteobacteria;Alphaproteobacteria;Rhizobiales;Rhizobiaceae;Rhizobium;bactérie
uncultured Rhodobium sp.;Proteobacteria;Alphaproteobacteria;Rhizobiales;Rhodobiaceae;Rhodobium;bactérie
uncultured Pseudolabrys sp.;Proteobacteria;Alphaproteobacteria;Rhizobiales;Xanthobacteraceae;Pseudolabrys;bactérie
uncultured Acidisphaera sp.;Proteobacteria;Alphaproteobacteria;Rhodospirillales;Acetobacteraceae;Acidisphaera;bactérie
uncultured Stella sp.;Proteobacteria;Alphaproteobacteria;Rhodospirillales;Acetobacteraceae;Stella;bactérie
Azospirillum sp. T2-YC6788;Proteobacteria;Alphaproteobacteria;Rhodospirillales;Rhodospirillaceae;Azospirillum;bactérie
Dechlorospirillum sp. SN1;Proteobacteria;Alphaproteobacteria;Rhodospirillales;Rhodospirillaceae;Dechlorospirillum;bactérie
Dongia sp. CB 286422;Proteobacteria;Alphaproteobacteria;Rhodospirillales;Rhodospirillaceae;Dongia;bactérie
uncultured Dongia sp.;Proteobacteria;Alphaproteobacteria;Rhodospirillales;Rhodospirillaceae;Dongia;bactérie
environmental samples;Proteobacteria;Alphaproteobacteria;Rhodospirillales;Rhodospirillaceae;Magnetospirillum;bactérie
uncultured Skermanella sp.;Proteobacteria;Alphaproteobacteria;Rhodospirillales;Rhodospirillaceae;Skermanella;bactérie
Altererythrobacter sp. 100921-2;Proteobacteria;Alphaproteobacteria;Sphingomonadales;Erythrobacteraceae;Altererythrobacter;bactérie
uncultured Altererythrobacter sp.;Proteobacteria;Alphaproteobacteria;Sphingomonadales;Erythrobacteraceae;Altererythrobacter;bactérie
uncultured Erythrobacter sp.;Proteobacteria;Alphaproteobacteria;Sphingomonadales;Erythrobacteraceae;Erythrobacter;bactérie
Novosphingobium sp.;Proteobacteria;Alphaproteobacteria;Sphingomonadales;Sphingomonadaceae;Novosphingobium;bactérie
uncultured Novosphingobium sp.;Proteobacteria;Alphaproteobacteria;Sphingomonadales;Sphingomonadaceae;Novosphingobium;bactérie
uncultured Sphingobium sp.;Proteobacteria;Alphaproteobacteria;Sphingomonadales;Sphingomonadaceae;Sphingobium;bactérie
Sphingomonas sp. 52NP12;Proteobacteria;Alphaproteobacteria;Sphingomonadales;Sphingomonadaceae;Sphingomonas;bactérie
Sphingomonas sp. C0503;Proteobacteria;Alphaproteobacteria;Sphingomonadales;Sphingomonadaceae;Sphingomonas;bactérie
Sphingomonas sp. DB-II-12;Proteobacteria;Alphaproteobacteria;Sphingomonadales;Sphingomonadaceae;Sphingomonas;bactérie
Sphingomonas sp. LP105;Proteobacteria;Alphaproteobacteria;Sphingomonadales;Sphingomonadaceae;Sphingomonas;bactérie
Sphingomonas sp. ML1;Proteobacteria;Alphaproteobacteria;Sphingomonadales;Sphingomonadaceae;Sphingomonas;bactérie
Sphingomonas sp. NCCP-1295;Proteobacteria;Alphaproteobacteria;Sphingomonadales;Sphingomonadaceae;Sphingomonas;bactérie
Sphingomonas sp. THG-DN7.10;Proteobacteria;Alphaproteobacteria;Sphingomonadales;Sphingomonadaceae;Sphingomonas;bactérie
uncultured Sphingomonas sp.;Proteobacteria;Alphaproteobacteria;Sphingomonadales;Sphingomonadaceae;Sphingomonas;bactérie
Sphingosinicella sp. YJ22;Proteobacteria;Alphaproteobacteria;Sphingomonadales;Sphingomonadaceae;Sphingosinicella;bactérie
uncultured Sphingosinicella sp.;Proteobacteria;Alphaproteobacteria;Sphingomonadales;Sphingomonadaceae;Sphingosinicella;bactérie
uncultured Bellilinea sp.;Chloroflexi;Anaerolineae;Anaerolineales;Anaerolineaceae;Bellilinea;bactérie
uncultured Levilinea sp.;Chloroflexi;Anaerolineae;Anaerolineales;Anaerolineaceae;Levilinea;bactérie
uncultured Longilinea sp.;Chloroflexi;Anaerolineae;Anaerolineales;Anaerolineaceae;Longilinea;bactérie
uncultured Bacillus sp.;Firmicutes;Bacilli;Bacillales;Bacillaceae;Bacillus;bactérie
uncultured Saccharibacillus sp.;Firmicutes;Bacilli;Bacillales;Paenibacillaceae;Saccharibacillus;bactérie
uncultured Pasteuria sp.;Firmicutes;Bacilli;Bacillales;Pasteuriaceae;Pasteuria;bactérie
uncultured Thermoflavimicrobium sp.;Firmicutes;Bacilli;Bacillales;Thermoactinomycetaceae;Thermoflavimicrobium;bactérie
uncultured Bacteroides sp.;Bacteroidetes;Bacteroidia;Bacteroidales;Bacteroidaceae;Bacteroides;bactérie
uncultured Derxia sp.;Proteobacteria;Betaproteobacteria;Burkholderiales;Alcaligenaceae;Derxia;bactérie
uncultured Burkholderia sp.;Proteobacteria;Betaproteobacteria;Burkholderiales;Burkholderiaceae;Burkholderia;bactérie
uncultured Cupriavidus sp.;Proteobacteria;Betaproteobacteria;Burkholderiales;Burkholderiaceae;Cupriavidus;bactérie
Ralstonia sp. JOS55-1;Proteobacteria;Betaproteobacteria;Burkholderiales;Burkholderiaceae;Ralstonia;bactérie
uncultured Acidovorax sp.;Proteobacteria;Betaproteobacteria;Burkholderiales;Comamonadaceae;Acidovorax;bactérie
Caenimonas sp. TSX9-5;Proteobacteria;Betaproteobacteria;Burkholderiales;Comamonadaceae;Caenimonas;bactérie
uncultured Comamonas sp.;Proteobacteria;Betaproteobacteria;Burkholderiales;Comamonadaceae;Comamonas;bactérie
uncultured Curvibacter sp.;Proteobacteria;Betaproteobacteria;Burkholderiales;Comamonadaceae;Curvibacter;bactérie
Diaphorobacter sp. NPG-14;Proteobacteria;Betaproteobacteria;Burkholderiales;Comamonadaceae;Diaphorobacter;bactérie
uncultured Hydrogenophaga sp.;Proteobacteria;Betaproteobacteria;Burkholderiales;Comamonadaceae;Hydrogenophaga;bactérie
Pelomonas sp. CR2;Proteobacteria;Betaproteobacteria;Burkholderiales;Comamonadaceae;Pelomonas;bactérie
Pelomonas sp. K89;Proteobacteria;Betaproteobacteria;Burkholderiales;Comamonadaceae;Pelomonas;bactérie
uncultured Polaromonas sp.;Proteobacteria;Betaproteobacteria;Burkholderiales;Comamonadaceae;Polaromonas;bactérie
uncultured Rhodoferax sp.;Proteobacteria;Betaproteobacteria;Burkholderiales;Comamonadaceae;Rhodoferax;bactérie
Duganella sp. 2M1lan;Proteobacteria;Betaproteobacteria;Burkholderiales;Oxalobacteraceae;Duganella;bactérie
Duganella sp. JPPB B33;Proteobacteria;Betaproteobacteria;Burkholderiales;Oxalobacteraceae;Duganella;bactérie
uncultured Herbaspirillum sp.;Proteobacteria;Betaproteobacteria;Burkholderiales;Oxalobacteraceae;Herbaspirillum;bactérie
uncultured Herminiimonas sp.;Proteobacteria;Betaproteobacteria;Burkholderiales;Oxalobacteraceae;Herminiimonas;bactérie
uncultured Massilia sp.;Proteobacteria;Betaproteobacteria;Burkholderiales;Oxalobacteraceae;Massilia;bactérie
uncultured Thiobacillus sp.;Proteobacteria;Betaproteobacteria;Hydrogenophilales;Hydrogenophilaceae;Thiobacillus;bactérie
uncultured Methylobacillus sp.;Proteobacteria;Betaproteobacteria;Methylophilales;Methylophilaceae;Methylobacillus;bactérie
uncultured Methylophilus sp.;Proteobacteria;Betaproteobacteria;Methylophilales;Methylophilaceae;Methylophilus;bactérie
uncultured Nitrosospira sp.;Proteobacteria;Betaproteobacteria;Nitrosomonadales;Nitrosomonadaceae;Nitrosospira;bactérie
uncultured Denitratisoma sp.;Proteobacteria;Betaproteobacteria;Rhodocyclales;Rhodocyclaceae;Denitratisoma;bactérie
uncultured Ferribacterium sp.;Proteobacteria;Betaproteobacteria;Rhodocyclales;Rhodocyclaceae;Ferribacterium;bactérie
uncultured Georgfuchsia sp.;Proteobacteria;Betaproteobacteria;Rhodocyclales;Rhodocyclaceae;Georgfuchsia;bactérie
uncultured Propionivibrio sp.;Proteobacteria;Betaproteobacteria;Rhodocyclales;Rhodocyclaceae;Propionivibrio;bactérie
uncultured Sterolibacterium sp.;Proteobacteria;Betaproteobacteria;Rhodocyclales;Rhodocyclaceae;Sterolibacterium;bactérie
uncultured Caldilinea sp.;Chloroflexi;Caldilineae;Caldilineales;Caldilineaceae;Caldilinea;bactérie
Chitinophaga sp. BN130233;Bacteroidetes;Chitinophagia;Chitinophagales;Chitinophagaceae;Chitinophaga;bactérie
uncultured Chitinophaga sp.;Bacteroidetes;Chitinophagia;Chitinophagales;Chitinophagaceae;Chitinophaga;bactérie
Ferruginibacter sp. WF24;Bacteroidetes;Chitinophagia;Chitinophagales;Chitinophagaceae;Ferruginibacter;bactérie
uncultured Ferruginibacter sp.;Bacteroidetes;Chitinophagia;Chitinophagales;Chitinophagaceae;Ferruginibacter;bactérie
Flavosolibacter sp. HU1-JC5;Bacteroidetes;Chitinophagia;Chitinophagales;Chitinophagaceae;Flavisolibacter;bactérie
uncultured Flavisolibacter sp.;Bacteroidetes;Chitinophagia;Chitinophagales;Chitinophagaceae;Flavisolibacter;bactérie
uncultured Lacibacter sp.;Bacteroidetes;Chitinophagia;Chitinophagales;Chitinophagaceae;Lacibacter;bactérie
uncultured Niastella sp.;Bacteroidetes;Chitinophagia;Chitinophagales;Chitinophagaceae;Niastella;bactérie
uncultured Segetibacter sp.;Bacteroidetes;Chitinophagia;Chitinophagales;Chitinophagaceae;Segetibacter;bactérie
Terrimonas sp. URHE0054;Bacteroidetes;Chitinophagia;Chitinophagales;Chitinophagaceae;Terrimonas;bactérie
uncultured Terrimonas sp.;Bacteroidetes;Chitinophagia;Chitinophagales;Chitinophagaceae;Terrimonas;bactérie
uncultured Haliscomenobacter sp.;Bacteroidetes;Chitinophagia;Chitinophagales;Saprospiraceae;Haliscomenobacter;bactérie
uncultured Chloroflexus sp.;Chloroflexi;Chloroflexia;Chloroflexales;Chloroflexaceae;Chloroflexus;bactérie
uncultured Roseiflexus sp.;Chloroflexi;Chloroflexia;Chloroflexales;Roseiflexaceae;Roseiflexus;bactérie
uncultured Thermaerobacter sp.;Firmicutes;Clostridia;Clostridiales;Clostridiales Family XVII. Incertae Sedis;Thermaerobacter;bactérie
uncultured Desulfitobacterium sp.;Firmicutes;Clostridia;Clostridiales;Peptococcaceae;Desulfitobacterium;bactérie
uncultured Moorella sp.;Firmicutes;Clostridia;Thermoanaerobacterales;Thermoanaerobacteraceae;Moorella;bactérie
uncultured Thermoanaerobacter sp.;Firmicutes;Clostridia;Thermoanaerobacterales;Thermoanaerobacteraceae;Thermoanaerobacter;bactérie
uncultured Candidatus Nephrothrix sp.;Bacteroidetes;Cytophagia;Cytophagales;Cytophagaceae;Candidatus Nephrothrix;bactérie
uncultured Cytophaga sp.;Bacteroidetes;Cytophagia;Cytophagales;Cytophagaceae;Cytophaga;bactérie
Emticicia sp. KJ033;Bacteroidetes;Cytophagia;Cytophagales;Cytophagaceae;Emticicia;bactérie
Fibrella sp.;Bacteroidetes;Cytophagia;Cytophagales;Cytophagaceae;Fibrella;bactérie
uncultured Flexibacter sp.;Bacteroidetes;Cytophagia;Cytophagales;Cytophagaceae;Flexibacter;bactérie
uncultured Ohtaekwangia sp.;Bacteroidetes;Cytophagia;Cytophagales;Cytophagaceae;Ohtaekwangia;bactérie
uncultured Adhaeribacter sp.;Bacteroidetes;Cytophagia;Cytophagales;Hymenobacteraceae;Adhaeribacter;bactérie
Pontibacter sp. LX8;Bacteroidetes;Cytophagia;Cytophagales;Hymenobacteraceae;Pontibacter;bactérie
uncultured Dehalococcoides sp.;Chloroflexi;Dehalococcoidia;Dehalococcoidales;Dehalococcoidaceae;Dehalococcoides;bactérie
Bacteriovorax sp. PNEc1;Proteobacteria;Deltaproteobacteria;Bdellovibrionales;Bacteriovoracaceae;Bacteriovorax;bactérie
Bdellovibrio exovorus JSS;Proteobacteria;Deltaproteobacteria;Bdellovibrionales;Bdellovibrionaceae;Bdellovibrio;bactérie
uncultured Bdellovibrio sp.;Proteobacteria;Deltaproteobacteria;Bdellovibrionales;Bdellovibrionaceae;Bdellovibrio;bactérie
uncultured Desulfotalea sp.;Proteobacteria;Deltaproteobacteria;Desulfobacterales;Desulfobulbaceae;Desulfotalea;bactérie
uncultured Desulfovibrio sp.;Proteobacteria;Deltaproteobacteria;Desulfovibrionales;Desulfovibrionaceae;Desulfovibrio;bactérie
uncultured Desulfuromonas sp.;Proteobacteria;Deltaproteobacteria;Desulfuromonadales;Desulfuromonadaceae;Desulfuromonas;bactérie
uncultured Malonomonas sp.;Proteobacteria;Deltaproteobacteria;Desulfuromonadales;Desulfuromonadaceae;Malonomonas;bactérie
uncultured Pelobacter sp.;Proteobacteria;Deltaproteobacteria;Desulfuromonadales;Desulfuromonadaceae;Pelobacter;bactérie
uncultured Geoalkalibacter sp.;Proteobacteria;Deltaproteobacteria;Desulfuromonadales;Geobacteraceae;Geoalkalibacter;bactérie
Geobacter sp. enrichment culture clone VanCtr1;Proteobacteria;Deltaproteobacteria;Desulfuromonadales;Geobacteraceae;Geobacter;bactérie
uncultured Geobacter sp.;Proteobacteria;Deltaproteobacteria;Desulfuromonadales;Geobacteraceae;Geobacter;bactérie
uncultured Geothermobacter sp.;Proteobacteria;Deltaproteobacteria;Desulfuromonadales;Geobacteraceae;Geothermobacter;bactérie
uncultured Anaeromyxobacter sp.;Proteobacteria;Deltaproteobacteria;Myxococcales;Anaeromyxobacteraceae;Anaeromyxobacter;bactérie
uncultured Cystobacter sp.;Proteobacteria;Deltaproteobacteria;Myxococcales;Archangiaceae;Cystobacter;bactérie
uncultured Haliangium sp.;Proteobacteria;Deltaproteobacteria;Myxococcales;Kofleriaceae;Haliangium;bactérie
uncultured Kofleria sp.;Proteobacteria;Deltaproteobacteria;Myxococcales;Kofleriaceae;Kofleria;bactérie
Cystobacterineae;Proteobacteria;Deltaproteobacteria;Myxococcales;NA;NA;bactérie
Sorangiineae;Proteobacteria;Deltaproteobacteria;Myxococcales;NA;NA;bactérie
uncultured Nannocystis sp.;Proteobacteria;Deltaproteobacteria;Myxococcales;Nannocystaceae;Nannocystis;bactérie
uncultured Phaselicystis sp.;Proteobacteria;Deltaproteobacteria;Myxococcales;Phaselicystidaceae;Phaselicystis;bactérie
uncultured Byssovorax sp.;Proteobacteria;Deltaproteobacteria;Myxococcales;Polyangiaceae;Byssovorax;bactérie
uncultured Chondromyces sp.;Proteobacteria;Deltaproteobacteria;Myxococcales;Polyangiaceae;Chondromyces;bactérie
uncultured Polyangium sp.;Proteobacteria;Deltaproteobacteria;Myxococcales;Polyangiaceae;Polyangium;bactérie
uncultured Syntrophus sp.;Proteobacteria;Deltaproteobacteria;Syntrophobacterales;Syntrophaceae;Syntrophus;bactérie
uncultured Desulfovirga sp.;Proteobacteria;Deltaproteobacteria;Syntrophobacterales;Syntrophobacteraceae;Desulfovirga;bactérie
uncultured Syntrophobacter sp.;Proteobacteria;Deltaproteobacteria;Syntrophobacterales;Syntrophobacteraceae;Syntrophobacter;bactérie
uncultured Crocinitomix sp.;Bacteroidetes;Flavobacteriia;Flavobacteriales;Crocinitomicaceae;Crocinitomix;bactérie
Fluviicola sp. YS 1.2.4;Bacteroidetes;Flavobacteriia;Flavobacteriales;Crocinitomicaceae;Fluviicola;bactérie
uncultured Fluviicola sp.;Bacteroidetes;Flavobacteriia;Flavobacteriales;Crocinitomicaceae;Fluviicola;bactérie
uncultured Lishizhenia sp.;Bacteroidetes;Flavobacteriia;Flavobacteriales;Crocinitomicaceae;Lishizhenia;bactérie
Flavobacterium sp. BF134;Bacteroidetes;Flavobacteriia;Flavobacteriales;Flavobacteriaceae;Flavobacterium;bactérie
Flavobacterium sp. HL-17;Bacteroidetes;Flavobacteriia;Flavobacteriales;Flavobacteriaceae;Flavobacterium;bactérie
Flavobacterium sp. PDD-32b-56;Bacteroidetes;Flavobacteriia;Flavobacteriales;Flavobacteriaceae;Flavobacterium;bactérie
Flavobacterium sp. R-38392;Bacteroidetes;Flavobacteriia;Flavobacteriales;Flavobacteriaceae;Flavobacterium;bactérie
uncultured Flavobacterium sp.;Bacteroidetes;Flavobacteriia;Flavobacteriales;Flavobacteriaceae;Flavobacterium;bactérie
Ktedonobacter sp. enrichment culture clone CTBE CDB1001H01;Chloroflexi;Ktedonobacteria;Ktedonobacterales;Ktedonobacteraceae;Ktedonobacter;bactérie
uncultured Ktedonobacter sp.;Chloroflexi;Ktedonobacteria;Ktedonobacterales;Ktedonobacteraceae;Ktedonobacter;bactérie
uncultured Rhodothermus sp.;Bacteroidetes;NA;Bacteroidetes Order II. Incertae sedis;Rhodothermaceae;Rhodothermus;bactérie
uncultured Opitutus sp.;Verrucomicrobia;Opitutae;Opitutales;Opitutaceae;Opitutus;bactérie
uncultured Gaiella sp.;Actinobacteria;Rubrobacteria;Gaiellales;Gaiellaceae;Gaiella;bactérie
uncultured Rubrobacter sp.;Actinobacteria;Rubrobacteria;Rubrobacterales;Rubrobacteraceae;Rubrobacter;bactérie
Mucilaginibacter sp. HME7565;Bacteroidetes;Sphingobacteriia;Sphingobacteriales;Sphingobacteriaceae;Mucilaginibacter;bactérie
Mucilaginibacter sp. UA-VH0703;Bacteroidetes;Sphingobacteriia;Sphingobacteriales;Sphingobacteriaceae;Mucilaginibacter;bactérie
uncultured Mucilaginibacter sp.;Bacteroidetes;Sphingobacteriia;Sphingobacteriales;Sphingobacteriaceae;Mucilaginibacter;bactérie
Pedobacter sp. FGR-05;Bacteroidetes;Sphingobacteriia;Sphingobacteriales;Sphingobacteriaceae;Pedobacter;bactérie
uncultured Pedobacter sp.;Bacteroidetes;Sphingobacteriia;Sphingobacteriales;Sphingobacteriaceae;Pedobacter;bactérie
uncultured Solitalea sp.;Bacteroidetes;Sphingobacteriia;Sphingobacteriales;Sphingobacteriaceae;Solitalea;bactérie
Sphingobacterium sp. P-7;Bacteroidetes;Sphingobacteriia;Sphingobacteriales;Sphingobacteriaceae;Sphingobacterium;bactérie
uncultured Conexibacter sp.;Actinobacteria;Thermoleophilia;Solirubrobacterales;Conexibacteraceae;Conexibacter;bactérie
uncultured Solirubrobacter sp.;Actinobacteria;Thermoleophilia;Solirubrobacterales;Solirubrobacteraceae;Solirubrobacter;bactérie
uncultured Thermoleophilum sp.;Actinobacteria;Thermoleophilia;Thermoleophilales;Thermoleophilaceae;Thermoleophilum;bactérie
uncultured Sphaerobacter sp.;Chloroflexi;Thermomicrobia;Sphaerobacterales;Sphaerobacteraceae;Sphaerobacter;bactérie
Pedosphaera parvula Ellin514;Verrucomicrobia;Verrucomicrobiae;Verrucomicrobiales;Verrucomicrobia subdivision 3;Pedosphaera;bactérie
uncultured Pedosphaera sp.;Verrucomicrobia;Verrucomicrobiae;Verrucomicrobiales;Verrucomicrobia subdivision 3;Pedosphaera;bactérie
uncultured Luteolibacter sp.;Verrucomicrobia;Verrucomicrobiae;Verrucomicrobiales;Verrucomicrobiaceae;Luteolibacter;bactérie
uncultured Prosthecobacter sp.;Verrucomicrobia;Verrucomicrobiae;Verrucomicrobiales;Verrucomicrobiaceae;Prosthecobacter;bactérie
uncultured Verrucomicrobium sp.;Verrucomicrobia;Verrucomicrobiae;Verrucomicrobiales;Verrucomicrobiaceae;Verrucomicrobium;bactérie
Eosentomon sp. FNSA-2002;Arthropoda;Protura;Protura;Eosentomidae;Eosentomon;insecte
Anguininae;Nematoda;Chromadorea;Tylenchida;Anguinidae;NA;nématode
Aphelenchoides sp. 2137;Nematoda;Chromadorea;Tylenchida;Aphelenchoididae;Aphelenchoides;nématode
Tylencholaimus sp. PDL-2005;Nematoda;Enoplea;Dorylaimida;Tylencholaimidae;Tylencholaimus;nématode
NA;Annelida;Haplotaxida;Haplotaxida;Lumbricidae;Aporrectodea;annelide
Psathyrella sp. D16;Basidiomycota;Agaricomycetes;Agaricales;Psathyrellaceae;Psathyrella;fungi
Acidobacterium sp. pan6;Acidobacteria;Acidobacteriia;Acidobacteriales;Acidobacteriaceae;Acidobacterium;bactérie
uncultured Acidobacterium sp.;Acidobacteria;Acidobacteriia;Acidobacteriales;Acidobacteriaceae;Acidobacterium;bactérie
Candidatus Koribacter versatilis Ellin345;Acidobacteria;Acidobacteriia;Acidobacteriales;Acidobacteriaceae;Candidatus Koribacter;bactérie
uncultured Candidatus Koribacter sp.;Acidobacteria;Acidobacteriia;Acidobacteriales;Acidobacteriaceae;Candidatus Koribacter;bactérie
uncultured Edaphobacter sp.;Acidobacteria;Acidobacteriia;Acidobacteriales;Acidobacteriaceae;Edaphobacter;bactérie
uncultured Terriglobus sp.;Acidobacteria;Acidobacteriia;Acidobacteriales;Acidobacteriaceae;Terriglobus;bactérie
uncultured Gemmatimonas sp.;Gemmatimonadetes;Gemmatimonadetes;Gemmatimonadales;Gemmatimonadaceae;Gemmatimonas;bactérie
Holophaga sp. oral clone CA002;Acidobacteria;Holophagae;Holophagales;Holophagaceae;Holophaga;bactérie
uncultured Holophaga sp.;Acidobacteria;Holophagae;Holophagales;Holophagaceae;Holophaga;bactérie
Phycisphaera mikurensis NBRC 102666;Planctomycetes;Phycisphaerae;Phycisphaerales;Phycisphaeraceae;Phycisphaera;bactérie
Gemmata sp. Fl1-1;Planctomycetes;Planctomycetia;Planctomycetales;Gemmataceae;Gemmata;bactérie
uncultured Gemmata sp.;Planctomycetes;Planctomycetia;Planctomycetales;Gemmataceae;Gemmata;bactérie
uncultured Zavarzinella sp.;Planctomycetes;Planctomycetia;Planctomycetales;Gemmataceae;Zavarzinella;bactérie
uncultured Isosphaera sp.;Planctomycetes;Planctomycetia;Planctomycetales;Isosphaeraceae;Isosphaera;bactérie
uncultured Singulisphaera sp.;Planctomycetes;Planctomycetia;Planctomycetales;Isosphaeraceae;Singulisphaera;bactérie
Pirellula sp.;Planctomycetes;Planctomycetia;Planctomycetales;Planctomycetaceae;Pirellula;bactérie
uncultured Pirellula sp.;Planctomycetes;Planctomycetia;Planctomycetales;Planctomycetaceae;Pirellula;bactérie
Planctomyces sp.;Planctomycetes;Planctomycetia;Planctomycetales;Planctomycetaceae;Planctomyces;bactérie
uncultured Planctomyces sp.;Planctomycetes;Planctomycetia;Planctomycetales;Planctomycetaceae;Planctomyces;bactérie
uncultured Rhodopirellula sp.;Planctomycetes;Planctomycetia;Planctomycetales;Planctomycetaceae;Rhodopirellula;bactérie
Candidatus Solibacter usitatus Ellin6076;Acidobacteria;Solibacteres;Solibacterales;Solibacteraceae;Candidatus Solibacter;bactérie
environmental samples;Acidobacteria;Solibacteres;Solibacterales;Solibacteraceae;Candidatus Solibacter;bactérie
uncultured Candidatus Solibacter sp.;Acidobacteria;Solibacteres;Solibacterales;Solibacteraceae;Candidatus Solibacter;bactérie
uncultured Solibacter sp.;Acidobacteria;Solibacteres;Solibacterales;Solibacteraceae;Candidatus Solibacter;bactérie
Stigmalychus sp. AD1318;Arthropoda;Arachnida;Endeostigmata;Alicorhagiidae;Stigmalychus;acariens
Sarcoptiformes;Arthropoda;Arachnida;NA;NA;NA;acariens
auricularia species complex;Arthropoda;Insecta;Dermaptera;Forficulidae;Forficula;insecte
Forficula sp. NC-1995;Arthropoda;Insecta;Dermaptera;Forficulidae;Forficula;insecte
Dorylaimina;Nematoda;Enoplea;Dorylaimida;NA;NA;nématode
Dorylaimoidea;Nematoda;Enoplea;Dorylaimida;NA;NA;nématode
Pungentinae;Nematoda;Enoplea;Dorylaimida;Nordiidae;NA;nématode
Pungentus sp. PDL-2005;Nematoda;Enoplea;Dorylaimida;Nordiidae;Pungentus;nématode
Prodorylaimus sp. HHBM-2007a;Nematoda;Enoplea;Dorylaimida;Qudsianematidae;Prodorylaimus;nématode
Dorylaimia;Nematoda;Enoplea;NA;NA;NA;nématode
uncultured Saccharophagus sp.;Proteobacteria;Gammaproteobacteria;Cellvibrionales;Cellvibrionaceae;Saccharophagus;bactérie
uncultured Haliea sp.;Proteobacteria;Gammaproteobacteria;Cellvibrionales;Halieaceae;Haliea;bactérie
uncultured Nitrosococcus sp.;Proteobacteria;Gammaproteobacteria;Chromatiales;Chromatiaceae;Nitrosococcus;bactérie
uncultured Thiohalospira sp.;Proteobacteria;Gammaproteobacteria;Chromatiales;Ectothiorhodospiraceae;Thiohalospira;bactérie
uncultured Thiorhodospira sp.;Proteobacteria;Gammaproteobacteria;Chromatiales;Ectothiorhodospiraceae;Thiorhodospira;bactérie
uncultured Legionella sp.;Proteobacteria;Gammaproteobacteria;Legionellales;Legionellaceae;Legionella;bactérie
uncultured Steroidobacter sp.;Proteobacteria;Gammaproteobacteria;Nevskiales;Sinobacteraceae;Steroidobacter;bactérie
uncultured Pseudomonas sp.;Proteobacteria;Gammaproteobacteria;Pseudomonadales;Pseudomonadaceae;Pseudomonas;bactérie
uncultured Dokdonella sp.;Proteobacteria;Gammaproteobacteria;Xanthomonadales;Rhodanobacteraceae;Dokdonella;bactérie
uncultured Dyella sp.;Proteobacteria;Gammaproteobacteria;Xanthomonadales;Rhodanobacteraceae;Dyella;bactérie
Rhodanobacter sp. D47;Proteobacteria;Gammaproteobacteria;Xanthomonadales;Rhodanobacteraceae;Rhodanobacter;bactérie
Rudaea sp. URHD0100;Proteobacteria;Gammaproteobacteria;Xanthomonadales;Rhodanobacteraceae;Rudaea;bactérie
Arenimonas sp. HMF3017;Proteobacteria;Gammaproteobacteria;Xanthomonadales;Xanthomonadaceae;Arenimonas;bactérie
uncultured Arenimonas sp.;Proteobacteria;Gammaproteobacteria;Xanthomonadales;Xanthomonadaceae;Arenimonas;bactérie
Lysobacter sp. MS6Y-8-7;Proteobacteria;Gammaproteobacteria;Xanthomonadales;Xanthomonadaceae;Lysobacter;bactérie
Lysobacter sp. RHLT3-4;Proteobacteria;Gammaproteobacteria;Xanthomonadales;Xanthomonadaceae;Lysobacter;bactérie
Lysobacter sp. YS-37;Proteobacteria;Gammaproteobacteria;Xanthomonadales;Xanthomonadaceae;Lysobacter;bactérie
uncultured Lysobacter sp.;Proteobacteria;Gammaproteobacteria;Xanthomonadales;Xanthomonadaceae;Lysobacter;bactérie
uncultured Thermomonas sp.;Proteobacteria;Gammaproteobacteria;Xanthomonadales;Xanthomonadaceae;Thermomonas;bactérie
uncultured Xanthomonas sp.;Proteobacteria;Gammaproteobacteria;Xanthomonadales;Xanthomonadaceae;Xanthomonas;bactérie
Cladosporium sp. CB-20;Ascomycota;Dothideomycetes;Capnodiales;Cladosporiaceae;Cladosporium;fungi
Gaeumannomyces graminis var. avenae;Ascomycota;Sordariomycetes;Magnaporthales;Magnaporthaceae;Gaeumannomyces;fungi
Gliricola sp. 274;Arthropoda;Phthiraptera;Insecta;Gyropidae;Gliricola;insecte
Leptosphaeria biglobosa 'brassicae' group;Ascomycota;Dothideomycetes;Pleosporales;Leptosphaeriaceae;Leptosphaeria;fungi
Rhizoctonia zeae;Basidiomycota;Agaricomycetes;Cantharellales;Ceratobasidiaceae;Waitea;fungi
Thripinae;Arthropoda;Insecta;Thysanoptera;Thripidae;NA;insecte
Hoplolaiminae;Nematoda;Chromadorea;Tylenchida;Hoplolaimidae;NA;nématode
Spongospora sp. HH-2014;cercozoa;NA;NA;Plasmodiophoridae;Spongospora;protiste
Spongospora subterranea f. sp. nasturtii;cercozoa;NA;NA;Plasmodiophoridae;Spongospora;protiste
Hantzschia amphioxys f. muelleri;Bacillariophyta;Bacillariophyceae;Bacillariales;Bacillariaceae;Hantzschia;algue
Bacillariophycidae;Bacillariophyta;Bacillariophyceae;NA;NA;NA;algue
Mayamaea sp. KAS1111;Bacillariophyta;Bacillariophyceae;Naviculales;Naviculaceae;Mayamaea;algue
Actinochloris sp. BCP-LG3VF20;Chlorophyta;Chlorophyceae;Chlamydomonadales;Actinochloridaceae;Actinochloris;algue
Palmellopsis sp. BCP-EM1VF1;Chlorophyta;Chlorophyceae;Tetrasporales;Palmellaceae;Palmellopsis;algue
unclassified Spumella;Chrysophyceae;Chrysophyceae;Chromulinales;Chromulinaceae;Spumella;algue
Botryochloris sp. SiM-2003;Xanthophyceae;NA;Mischococcales;Botryochloridaceae;Botryochloris;algue
Oikomonas sp. SA-2.1;Chrysophyceae;NA;NA;Oikomonadaceae;Oikomonas;algue
Xanthonema sp. 735;Xanthophyceae;NA;Tribonematales;Xanthonemataceae;Xanthonema;algue
Nannochloris sp. JL 4-6;Chlorophyta;Trebouxiophyceae;Chlorellales;Chlorellaceae;Nannochloris;algue
Apioideae;Streptophyta;NA;Apiales;Apiaceae;NA;plantes
Scandicinae;Streptophyta;NA;Apiales;Apiaceae;NA;plantes
Asteroideae;Streptophyta;NA;Asterales;Asteraceae;NA;plantes
Alsineae;Streptophyta;NA;Caryophyllales;Caryophyllaceae;NA;plantes
Papilionoideae;Streptophyta;NA;Fabales;Fabaceae;NA;plantes
Vigna angularis var. angularis;Streptophyta;NA;Fabales;Fabaceae;Vigna;plantes
fabids;Streptophyta;NA;NA;NA;NA;plantes
Dicranidae;Streptophyta;Bryopsida;NA;NA;NA;Mousse
Funariidae;Streptophyta;Bryopsida;NA;NA;NA;Mousse
Petrosaviidae;Streptophyta;Liliopsida;NA;NA;NA;plantes
Marsdenieae;Streptophyta;NA;Gentianales;Apocynaceae;NA;plantes
Plantagineae;Streptophyta;NA;Lamiales;Plantaginaceae;NA;plantes
campanulids;Streptophyta;NA;NA;NA;NA;plantes
Embryophyta;Streptophyta;NA;NA;NA;NA;plantes
eudicotyledons;Streptophyta;NA;NA;NA;NA;plantes
Euphyllophyta;Streptophyta;NA;NA;NA;NA;plantes
lamiids;Streptophyta;NA;NA;NA;NA;plantes
rosids;Streptophyta;NA;NA;NA;NA;plantes
Pinidae;Streptophyta;NA;NA;NA;NA;plantes
Hordeinae;Streptophyta;Liliopsida;Poales;Poaceae;NA;plantes
PACMAD clade;Streptophyta;Liliopsida;Poales;Poaceae;NA;plantes
Poeae;Streptophyta;Liliopsida;Poales;Poaceae;NA;plantes
Poeae Chloroplast Group 1 (Aveneae type);Streptophyta;Liliopsida;Poales;Poaceae;NA;plantes
Poeae Chloroplast Group 2 (Poeae type);Streptophyta;Liliopsida;Poales;Poaceae;NA;plantes
Pooideae;Streptophyta;Liliopsida;Poales;Poaceae;NA;plantes
Polygoneae;Streptophyta;NA;Caryophyllales;Polygonaceae;NA;plantes
Polygonoideae;Streptophyta;NA;Caryophyllales;Polygonaceae;NA;plantes
Papaveroideae;Streptophyta;NA;Ranunculales;Papaveraceae;NA;plantes
Saliceae;Streptophyta;NA;Malpighiales;Salicaceae;NA;plantes
Solanoideae;Streptophyta;NA;Solanales;Solanaceae;NA;plantes
Ochromonas sp. CCMP2761;Chrysophyceae;Chrysophyceae;Chromulinales;Chromulinaceae;Ochromonas;algue
Spumella sp. 37G;Chrysophyceae;Chrysophyceae;Chromulinales;Chromulinaceae;Spumella;algue
Spumella sp. 37G;Ochrophyta;Chrysophyceae;Chromulinales;Chromulinaceae;Spumella;algue
Spumella sp. CH3;Chrysophyceae;Chrysophyceae;Chromulinales;Chromulinaceae;Spumella;algue
Spumella sp. SpiG;Chrysophyceae;Chrysophyceae;Chromulinales;Chromulinaceae;Spumella;algue
Spumella sp. SpiG;Ochrophyta;Chrysophyceae;Chromulinales;Chromulinaceae;Spumella;algue
Paraphysomonas sp. 22 JMS-2012;Chrysophyceae;Chrysophyceae;Chromulinales;Paraphysomonadaceae;Paraphysomonas;algue
Aphidinae;Arthropoda;Insecta;Hemiptera;Aphididae;NA;insecte
Macrosiphini;Arthropoda;Insecta;Hemiptera;Aphididae;NA;insecte
Tylenchinae;Nematoda;Chromadorea;Tylenchida;Tylenchidae;NA;nématode
Colpoda sp. MD-2011;ciliata;Colpodea;Colpodida;Colpodidae;Colpoda;protiste
Colpoda sp. PRA-118;ciliata;Colpodea;Colpodida;Colpodidae;Colpoda;protiste
Sphenoderiidae;amoebozoa;NA;Euglyphida;Sphenoderiidae;NA;protiste
Heterophrys sp. Oxford1;heliozoa;NA;NA;Heterophryidae;Heterophrys;protiste
Lamproderma sp. SAPA:100012;amoebozoa;NA;Stemonitida;Stemonitidae;Lamproderma;protiste
Cercomonas sp. ATCC 50367;cercozoa;Sarcomonadea;Cercomonadida;Cercomonadidae;Cercomonas;protiste
Cercomonas sp. HFCC 905;cercozoa;Sarcomonadea;Cercomonadida;Cercomonadidae;Cercomonas;protiste
Eocercomonas sp. HFCC 908;cercozoa;Sarcomonadea;Cercomonadida;Cercomonadidae;Eocercomonas;protiste
Eocercomonas sp. HFCC 909;cercozoa;Sarcomonadea;Cercomonadida;Cercomonadidae;Eocercomonas;protiste
Paracercomonas sp. HFCC 913;cercozoa;Sarcomonadea;Cercomonadida;Cercomonadidae;Paracercomonas;protiste
Paracercomonas sp. HFCC 918;cercozoa;Sarcomonadea;Cercomonadida;Cercomonadidae;Paracercomonas;protiste
Bodomorpha sp. HFCC56;cercozoa;Sarcomonadea;Cercomonadida;Heteromitidae;Bodomorpha;protiste
Bodomorpha sp. HFCC57;cercozoa;Sarcomonadea;Cercomonadida;Heteromitidae;Bodomorpha;protiste
Rhogostoma sp. CCAP 1966/4;Cercozoa;Thecofilosea;Tectofilosida;Chlamydophryidae;Rhogostoma;protiste
Tetrahymenina;ciliata;Oligohymenophorea;Hymenostomatida;NA;NA;protiste
Peritrichia;ciliata;Oligohymenophorea;NA;NA;NA;protiste
Pseudovorticella sp. 5 PS-2016;ciliata;Oligohymenophorea;NA;Vorticellidae;Pseudovorticella;protiste
Vorticella sp. PPS-2011b;ciliata;Oligohymenophorea;NA;Vorticellidae;Vorticella;protiste
Stichotrichia;ciliata;Spirotrichea;NA;NA;NA;protiste
Gonostomum sp. JS-2012;ciliata;Spirotrichea;Sporadotrichida;Trachelostylidae;Gonostomum;protiste
Pseudouroleptus sp. ALT-2014;ciliata;Spirotrichea;Stichotrichida;Spirofilidae;Pseudouroleptus;protiste
Caudiholosticha sp. Zlv-2015;ciliata;Spirotrichea;Urostylida;Urostylidae;Caudiholosticha;protiste
Fuscheria sp. VBOEF-2011;ciliata;Litostomatea;Haptorida;Acropisthiidae;Fuscheria;protiste
Dileptus sp.;ciliata;Litostomatea;Haptorida;Dileptidae;Dileptus;protiste
Dileptida;ciliata;Litostomatea;Haptorida;NA;NA;protiste
Arcuospathidium namibiense tristicha;ciliata;Litostomatea;Haptorida;Spathidiidae;Arcuospathidium;protiste
Epispathidium sp. RV-2015;ciliata;Litostomatea;Haptorida;Spathidiidae;Epispathidium;protiste
Trichostomatia;ciliata;Litostomatea;NA;NA;NA;protiste
Amphileptus sp. ZY-2014b;ciliata;Litostomatea;Pleurostomatida;Amphileptidae;Amphileptus;protiste
Hemiamphisiella terricola qingdaoensis;ciliata;Spirotrichea;Stichotrichida;Amphisiellidae;Hemiamphisiella;protiste
Blaberolaelaps sp. APGD-2010;Arthropoda;Arachnida;Mesostigmata;Laelapidae;Blaberolaelaps;acariens
Gamasina;Arthropoda;Arachnida;Mesostigmata;NA;NA;acariens
Veigaia sp. 2 APGD-2010;Arthropoda;Arachnida;Mesostigmata;Veigaiidae;Veigaia;acariens
Aporcelaimellus sp. 2010_050;Nematoda;Enoplea;Dorylaimida;Aporcelaimidae;Aporcelaimellus;nématode
Nygolaiminae;Nematoda;Enoplea;Dorylaimida;Nygolaimidae;NA;nématode
Chthonius sp. 2 JM-2008;Arthropoda;Arachnida;Pseudoscorpiones;Chthoniidae;Chthonius;pseudoscor
Pleurostigmophora;Arthropoda;Chilopoda;NA;NA;NA;chilopode
Resource::Decaying_wood;Resource::Decaying_wood;Resource::Decaying_wood;Resource::Decaying_wood;Resource::Decaying_wood;Resource::Decaying_wood;resource
Resource::Dung;Resource::Dung;Resource::Dung;Resource::Dung;Resource::Dung;Resource::Dung;resource
Resource::Light;Resource::Light;Resource::Light;Resource::Light;Resource::Light;Resource::Light;resource
Resource::Litter;Resource::Litter;Resource::Litter;Resource::Litter;Resource::Litter;Resource::Litter;resource
Resource::MOS;Resource::MOS;Resource::MOS;Resource::MOS;Resource::MOS;Resource::MOS;resource
Lepidocyrtus sp. 1 FZ-2013;Arthropoda;Collembola;Collembola;Entomobryidae;Lepidocyrtus;collembole
Ceratophysella sp. FZ-2014;Arthropoda;Collembola;Collembola;Hypogastruridae;Ceratophysella;collembole
Entomobryoidea;Arthropoda;Collembola;Collembola;NA;NA;collembole
Poduroidea;Arthropoda;Collembola;Collembola;NA;NA;collembole
Megalothorax sp. EA040003-cs17;Arthropoda;Collembola;Collembola;Neelidae;Megalothorax;collembole
Megalothorax sp. EA040004-cs23;Arthropoda;Collembola;Collembola;Neelidae;Megalothorax;collembole
Megalothorax sp. EA040008-cs9;Arthropoda;Collembola;Collembola;Neelidae;Megalothorax;collembole
Entomobrya sp. 9644 FZ-2013;Arthropoda;Collembola;NA;Entomobryidae;Entomobrya;collembole
Tetracanthella sp. YB-2012;Arthropoda;Collembola;NA;Isotomidae;Tetracanthella;collembole
Vertagopus sp. YB-2012;Arthropoda;Collembola;NA;Isotomidae;Vertagopus;collembole
Entomobryoidea;Arthropoda;Collembola;NA;NA;NA;collembole
Poduroidea;Arthropoda;Collembola;NA;NA;NA;collembole
Megalothorax sp. EA040004-cs23;Arthropoda;Collembola;NA;Neelidae;Megalothorax;collembole
Megalothorax sp. EA040008-cs9;Arthropoda;Collembola;NA;Neelidae;Megalothorax;collembole
Lumbricinae;Annelida;Haplotaxida;Haplotaxida;Lumbricidae;NA;annelide
NA;Annelida;Haplotaxida;Haplotaxida;Lumbricidae;NA;annelide
Tipulinae;Arthropoda;Insecta;Diptera;Tipulidae;NA;insecte
Liochthonius sp. AD1300;Arthropoda;Arachnida;Oribatida;Brachychthoniidae;Liochthonius;acariens
Brachypylina;Arthropoda;Arachnida;Oribatida;NA;NA;acariens
Ceratozetoidea;Arthropoda;Arachnida;Oribatida;NA;NA;acariens
NA;Annelida;Haplotaxida;Haplotaxida;Enchytraeidae;Enchytraeus;annelide
NA;Annelida;Haplotaxida;Haplotaxida;Enchytraeidae;Fridericia;annelide
NA;Annelida;Haplotaxida;Haplotaxida;Enchytraeidae;Henlea;annelide
Endogone sp. OSC T14506;Mucoromycota;Zygomycota;Endogonales;Endogonaceae;Endogone;fungi
Endogone sp. W5994;Mucoromycota;Zygomycota;Endogonales;Endogonaceae;Endogone;fungi
Porpoloma sp. 2 MSG-2014;Basidiomycota;Agaricomycetes;Agaricales;Tricholomataceae;Porpoloma;fungi
Endochytrium sp. JEL 324;Chytridiomycota;Chytridiomycetes;Cladochytriales;Endochytriaceae;Endochytrium;fungi
Rhizophydium sp. JEL136;Chytridiomycota;Chytridiomycetes;Rhizophydiales;Rhizophydiaceae;Rhizophydium;fungi
Rhizophydium sp. UGA-F16;Chytridiomycota;Chytridiomycetes;Rhizophydiales;Rhizophydiaceae;Rhizophydium;fungi
Pyrenochaeta sp. GMG_PPb7;Ascomycota;Dothideomycetes;Pleosporales;Cucurbitariaceae;Pyrenochaeta;fungi
Sclerostagonospora sp. CBS 118142;Ascomycota;Dothideomycetes;Pleosporales;Phaeosphaeriaceae;Sclerostagonospora;fungi
Penicillium sp. D01;Ascomycota;Eurotiomycetes;Eurotiales;Aspergillaceae;Penicillium;fungi
Penicillium sp. SDI-2014f;Ascomycota;Eurotiomycetes;Eurotiales;Aspergillaceae;Penicillium;fungi
Holwaya mucida subsp. nipponica;Ascomycota;Leotiomycetes;Helotiales;Helotiaceae;Holwaya;fungi
Hyalorbilia sp. HOB-2016a;Ascomycota;Orbiliomycetes;Orbiliales;Orbiliaceae;Hyalorbilia;fungi
Orbilia sp. HOB-2016am;Ascomycota;Orbiliomycetes;Orbiliales;Orbiliaceae;Orbilia;fungi
Yarrowia sp. 25L;Ascomycota;Saccharomycetes;Saccharomycetales;Dipodascaceae;Yarrowia;fungi
Mortierella sp. MS-6;Mucoromycota;Zygomycota;Mortierellales;Mortierellaceae;Mortierella;fungi
Tuber sp. CBS 272 72;Ascomycota;Pezizomycetes;Pezizales;Tuberaceae;Tuber;fungi
uncultured Elusimicrobium sp.;Elusimicrobia;Elusimicrobia;Elusimicrobiales;Elusimicrobiaceae;Elusimicrobium;bactérie
uncultured Fibrobacter sp.;Fibrobacteres;Fibrobacteria;Fibrobacterales;Fibrobacteraceae;Fibrobacter;bactérie
uncultured Fusobacterium sp.;Fusobacteria;Fusobacteriia;Fusobacteriales;Fusobacteriaceae;Fusobacterium;bactérie
uncultured Ignavibacterium sp.;Ignavibacteriae;Ignavibacteria;Ignavibacteriales;Ignavibacteriaceae;Ignavibacterium;bactérie
environmental samples;Nitrospirae;Nitrospira;Nitrospirales;Nitrospiraceae;Nitrospira;bactérie
Nitrospira marina Nb-295;Nitrospirae;Nitrospira;Nitrospirales;Nitrospiraceae;Nitrospira;bactérie
uncultured Nitrospira sp.;Nitrospirae;Nitrospira;Nitrospirales;Nitrospiraceae;Nitrospira;bactérie
uncultured Turneriella sp.;Spirochaetes;Spirochaetia;NA;Leptospiraceae;Turneriella;bactérie
