esp;0;1;2;3;4;5;6;7;8;9;10;11;12;13;14;15;16;17;18;19;20;21;22;23;24;25;26;27;28;29
Acaridae;115;23;17;12;9;6;4;3;2;1;1;1;1;1;1;1;1;1;1;1;1;1;1;1;1;1;1;1;1;1
Acetobacteraceae;302;58;32;22;14;10;7;5;4;2;2;2;2;2;1;1;1;1;1;1;1;1;1;1;1;1;1;1;1;1
Acidiferrobacteraceae;303;58;32;22;14;10;7;5;4;2;2;2;2;2;1;1;1;1;1;1;1;1;1;1;1;1;1;1;1;1
Acidimicrobiaceae;304;58;32;22;14;10;7;5;4;2;2;2;2;2;1;1;1;1;1;1;1;1;1;1;1;1;1;1;1;1
Acidobacteriaceae;284;55;30;21;14;10;7;5;4;2;2;2;2;2;1;1;1;1;1;1;1;1;1;1;1;1;1;1;1;1
Acidothermaceae;305;58;32;22;14;10;7;5;4;2;2;2;2;2;1;1;1;1;1;1;1;1;1;1;1;1;1;1;1;1
Acropisthiidae;132;25;19;14;10;7;5;3;2;1;1;1;1;1;1;1;1;1;1;1;1;1;1;1;1;1;1;1;1;1
Acrospermaceae;232;52;28;20;13;9;6;4;3;2;2;2;2;2;1;1;1;1;1;1;1;1;1;1;1;1;1;1;1;1
Actinochloridaceae;3;3;3;2;2;2;2;1;1;1;1;1;1;1;1;1;1;1;1;1;1;1;1;1;1;1;1;1;1;1
Actinomycetaceae;306;58;32;22;14;10;7;5;4;2;2;2;2;2;1;1;1;1;1;1;1;1;1;1;1;1;1;1;1;1
Actinospicaceae;307;58;32;22;14;10;7;5;4;2;2;2;2;2;1;1;1;1;1;1;1;1;1;1;1;1;1;1;1;1
Adinetidae;81;14;11;7;7;5;3;2;2;1;1;1;1;1;1;1;1;1;1;1;1;1;1;1;1;1;1;1;1;1
Alaimidae;38;9;9;6;6;4;3;2;2;1;1;1;1;1;1;1;1;1;1;1;1;1;1;1;1;1;1;1;1;1
Alcaligenaceae;308;58;32;22;14;10;7;5;4;2;2;2;2;2;1;1;1;1;1;1;1;1;1;1;1;1;1;1;1;1
Alicorhagiidae;104;18;14;9;8;6;4;3;2;1;1;1;1;1;1;1;1;1;1;1;1;1;1;1;1;1;1;1;1;1
Ambisporaceae;174;28;21;16;11;8;5;3;2;1;1;1;1;1;1;1;1;1;1;1;1;1;1;1;1;1;1;1;1;1
Amphileptidae;132;25;19;14;10;7;5;3;2;1;1;1;1;1;1;1;1;1;1;1;1;1;1;1;1;1;1;1;1;1
Amphisiellidae;132;25;19;14;10;7;5;3;2;1;1;1;1;1;1;1;1;1;1;1;1;1;1;1;1;1;1;1;1;1
Anaerolineaceae;309;58;32;22;14;10;7;5;4;2;2;2;2;2;1;1;1;1;1;1;1;1;1;1;1;1;1;1;1;1
Anaeromyxobacteraceae;310;58;32;22;14;10;7;5;4;2;2;2;2;2;1;1;1;1;1;1;1;1;1;1;1;1;1;1;1;1
Anatonchidae;103;17;13;9;8;6;4;3;2;1;1;1;1;1;1;1;1;1;1;1;1;1;1;1;1;1;1;1;1;1
Anguinidae;106;20;15;10;9;6;4;3;2;1;1;1;1;1;1;1;1;1;1;1;1;1;1;1;1;1;1;1;1;1
Anoplophryidae;185;31;22;16;11;8;5;3;2;1;1;1;1;1;1;1;1;1;1;1;1;1;1;1;1;1;1;1;1;1
Anystidae;203;42;23;17;12;8;5;3;2;1;1;1;1;1;1;1;1;1;1;1;1;1;1;1;1;1;1;1;1;1
Aphelenchidae;107;20;15;10;9;6;4;3;2;1;1;1;1;1;1;1;1;1;1;1;1;1;1;1;1;1;1;1;1;1
Aphelenchoididae;108;20;15;10;9;6;4;3;2;1;1;1;1;1;1;1;1;1;1;1;1;1;1;1;1;1;1;1;1;1
Aphididae;214;47;25;18;12;8;5;3;2;1;1;1;1;1;1;1;1;1;1;1;1;1;1;1;1;1;1;1;1;1
Apiaceae;142;27;20;15;11;8;5;3;2;1;1;1;1;1;1;1;1;1;1;1;1;1;1;1;1;1;1;1;1;1
Apocynaceae;150;27;20;15;11;8;5;3;2;1;1;1;1;1;1;1;1;1;1;1;1;1;1;1;1;1;1;1;1;1
Aporcelaimidae;103;17;13;9;8;6;4;3;2;1;1;1;1;1;1;1;1;1;1;1;1;1;1;1;1;1;1;1;1;1
Apusomonadidae;63;13;11;7;7;5;3;2;2;1;1;1;1;1;1;1;1;1;1;1;1;1;1;1;1;1;1;1;1;1
Aquifoliaceae;151;27;20;15;11;8;5;3;2;1;1;1;1;1;1;1;1;1;1;1;1;1;1;1;1;1;1;1;1;1
Archaeorhizomycetaceae;233;52;28;20;13;9;6;4;3;2;2;2;2;2;1;1;1;1;1;1;1;1;1;1;1;1;1;1;1;1
Archaeosporaceae;175;28;21;16;11;8;5;3;2;1;1;1;1;1;1;1;1;1;1;1;1;1;1;1;1;1;1;1;1;1
Archangiaceae;311;58;32;22;14;10;7;5;4;2;2;2;2;2;1;1;1;1;1;1;1;1;1;1;1;1;1;1;1;1
Ascobolaceae;229;50;27;19;13;9;6;4;3;2;2;2;2;2;1;1;1;1;1;1;1;1;1;1;1;1;1;1;1;1
Aspergillaceae;234;52;28;20;13;9;6;4;3;2;2;2;2;2;1;1;1;1;1;1;1;1;1;1;1;1;1;1;1;1
Asteraceae;171;27;20;15;11;8;5;3;2;1;1;1;1;1;1;1;1;1;1;1;1;1;1;1;1;1;1;1;1;1
Aurantimonadaceae;312;58;32;22;14;10;7;5;4;2;2;2;2;2;1;1;1;1;1;1;1;1;1;1;1;1;1;1;1;1
Bacillaceae;313;58;32;22;14;10;7;5;4;2;2;2;2;2;1;1;1;1;1;1;1;1;1;1;1;1;1;1;1;1
Bacillariaceae;4;3;3;2;2;2;2;1;1;1;1;1;1;1;1;1;1;1;1;1;1;1;1;1;1;1;1;1;1;1
Bacteriovoracaceae;314;58;32;22;14;10;7;5;4;2;2;2;2;2;1;1;1;1;1;1;1;1;1;1;1;1;1;1;1;1
Bacteroidaceae;315;58;32;22;14;10;7;5;4;2;2;2;2;2;1;1;1;1;1;1;1;1;1;1;1;1;1;1;1;1
Bardeliellidae;64;13;11;7;7;5;3;2;2;1;1;1;1;1;1;1;1;1;1;1;1;1;1;1;1;1;1;1;1;1
Basidiobolaceae;235;52;28;20;13;9;6;4;3;2;2;2;2;2;1;1;1;1;1;1;1;1;1;1;1;1;1;1;1;1
Bdellovibrionaceae;316;58;32;22;14;10;7;5;4;2;2;2;2;2;1;1;1;1;1;1;1;1;1;1;1;1;1;1;1;1
Beijerinckiaceae;317;58;32;22;14;10;7;5;4;2;2;2;2;2;1;1;1;1;1;1;1;1;1;1;1;1;1;1;1;1
Betulaceae;172;27;20;15;11;8;5;3;2;1;1;1;1;1;1;1;1;1;1;1;1;1;1;1;1;1;1;1;1;1
Bicosoecidae;82;14;11;7;7;5;3;2;2;1;1;1;1;1;1;1;1;1;1;1;1;1;1;1;1;1;1;1;1;1
Bionectriaceae;236;52;28;20;13;9;6;4;3;2;2;2;2;2;1;1;1;1;1;1;1;1;1;1;1;1;1;1;1;1
Blepharismidae;83;14;11;7;7;5;3;2;2;1;1;1;1;1;1;1;1;1;1;1;1;1;1;1;1;1;1;1;1;1
Bodonidae;59;12;11;7;7;5;3;2;2;1;1;1;1;1;1;1;1;1;1;1;1;1;1;1;1;1;1;1;1;1
Bolbitiaceae;230;50;27;19;13;9;6;4;3;2;2;2;2;2;1;1;1;1;1;1;1;1;1;1;1;1;1;1;1;1
Botryidiopsidaceae;5;3;3;2;2;2;2;1;1;1;1;1;1;1;1;1;1;1;1;1;1;1;1;1;1;1;1;1;1;1
Botryochloridaceae;6;3;3;2;2;2;2;1;1;1;1;1;1;1;1;1;1;1;1;1;1;1;1;1;1;1;1;1;1;1
Bovidae;226;48;26;18;12;8;5;3;2;1;1;1;1;1;1;1;1;1;1;1;1;1;1;1;1;1;1;1;1;1
Brachionidae;84;14;11;7;7;5;3;2;2;1;1;1;1;1;1;1;1;1;1;1;1;1;1;1;1;1;1;1;1;1
Brachychthoniidae;32;6;6;4;4;3;2;1;1;1;1;1;1;1;1;1;1;1;1;1;1;1;1;1;1;1;1;1;1;1
Braconidae;207;44;24;17;12;8;5;3;2;1;1;1;1;1;1;1;1;1;1;1;1;1;1;1;1;1;1;1;1;1
Bracteacoccaceae;7;3;3;2;2;2;2;1;1;1;1;1;1;1;1;1;1;1;1;1;1;1;1;1;1;1;1;1;1;1
Bradyrhizobiaceae;318;58;32;22;14;10;7;5;4;2;2;2;2;2;1;1;1;1;1;1;1;1;1;1;1;1;1;1;1;1
Brassicaceae;143;27;20;15;11;8;5;3;2;1;1;1;1;1;1;1;1;1;1;1;1;1;1;1;1;1;1;1;1;1
Brucellaceae;319;58;32;22;14;10;7;5;4;2;2;2;2;2;1;1;1;1;1;1;1;1;1;1;1;1;1;1;1;1
Bryometopidae;133;26;19;14;10;7;5;3;2;1;1;1;1;1;1;1;1;1;1;1;1;1;1;1;1;1;1;1;1;1
Bulleraceae;237;52;28;20;13;9;6;4;3;2;2;2;2;2;1;1;1;1;1;1;1;1;1;1;1;1;1;1;1;1
Bulleribasidiaceae;238;52;28;20;13;9;6;4;3;2;2;2;2;2;1;1;1;1;1;1;1;1;1;1;1;1;1;1;1;1
Burkholderiaceae;320;58;32;22;14;10;7;5;4;2;2;2;2;2;1;1;1;1;1;1;1;1;1;1;1;1;1;1;1;1
Caldilineaceae;321;58;32;22;14;10;7;5;4;2;2;2;2;2;1;1;1;1;1;1;1;1;1;1;1;1;1;1;1;1
Campodeidae;36;7;7;5;5;3;2;1;1;1;1;1;1;1;1;1;1;1;1;1;1;1;1;1;1;1;1;1;1;1
Carabidae;209;44;24;17;12;8;5;3;2;1;1;1;1;1;1;1;1;1;1;1;1;1;1;1;1;1;1;1;1;1
Caricaceae;152;27;20;15;11;8;5;3;2;1;1;1;1;1;1;1;1;1;1;1;1;1;1;1;1;1;1;1;1;1
Caryophyllaceae;173;27;20;15;11;8;5;3;2;1;1;1;1;1;1;1;1;1;1;1;1;1;1;1;1;1;1;1;1;1
Catenariaceae;239;52;28;20;13;9;6;4;3;2;2;2;2;2;1;1;1;1;1;1;1;1;1;1;1;1;1;1;1;1
Catenulisporaceae;322;58;32;22;14;10;7;5;4;2;2;2;2;2;1;1;1;1;1;1;1;1;1;1;1;1;1;1;1;1
Caulerpaceae;8;3;3;2;2;2;2;1;1;1;1;1;1;1;1;1;1;1;1;1;1;1;1;1;1;1;1;1;1;1
Caulobacteraceae;323;58;32;22;14;10;7;5;4;2;2;2;2;2;1;1;1;1;1;1;1;1;1;1;1;1;1;1;1;1
Cellulomonadaceae;324;58;32;22;14;10;7;5;4;2;2;2;2;2;1;1;1;1;1;1;1;1;1;1;1;1;1;1;1;1
Cellvibrionaceae;325;58;32;22;14;10;7;5;4;2;2;2;2;2;1;1;1;1;1;1;1;1;1;1;1;1;1;1;1;1
Cenarchaeaceae;293;56;31;22;14;10;7;5;4;2;2;2;2;2;1;1;1;1;1;1;1;1;1;1;1;1;1;1;1;1
Centritractaceae;9;3;3;2;2;2;2;1;1;1;1;1;1;1;1;1;1;1;1;1;1;1;1;1;1;1;1;1;1;1
Cephalobidae;39;9;9;6;6;4;3;2;2;1;1;1;1;1;1;1;1;1;1;1;1;1;1;1;1;1;1;1;1;1
Ceratobasidiaceae;202;41;22;16;11;8;5;3;2;1;1;1;1;1;1;1;1;1;1;1;1;1;1;1;1;1;1;1;1;1
Cercomonadidae;65;13;11;7;7;5;3;2;2;1;1;1;1;1;1;1;1;1;1;1;1;1;1;1;1;1;1;1;1;1
Chaetophoraceae;10;3;3;2;2;2;2;1;1;1;1;1;1;1;1;1;1;1;1;1;1;1;1;1;1;1;1;1;1;1
Chaetosphaeriaceae;240;52;28;20;13;9;6;4;3;2;2;2;2;2;1;1;1;1;1;1;1;1;1;1;1;1;1;1;1;1
Chilodonellidae;129;24;18;13;10;7;5;3;2;1;1;1;1;1;1;1;1;1;1;1;1;1;1;1;1;1;1;1;1;1
Chitinophagaceae;326;58;32;22;14;10;7;5;4;2;2;2;2;2;1;1;1;1;1;1;1;1;1;1;1;1;1;1;1;1
Chlamydomonadaceae;11;3;3;2;2;2;2;1;1;1;1;1;1;1;1;1;1;1;1;1;1;1;1;1;1;1;1;1;1;1
Chlamydophryidae;130;24;18;13;10;7;5;3;2;1;1;1;1;1;1;1;1;1;1;1;1;1;1;1;1;1;1;1;1;1
Chlorellaceae;12;3;3;2;2;2;2;1;1;1;1;1;1;1;1;1;1;1;1;1;1;1;1;1;1;1;1;1;1;1
Chlorococcaceae;13;3;3;2;2;2;2;1;1;1;1;1;1;1;1;1;1;1;1;1;1;1;1;1;1;1;1;1;1;1
Chloroflexaceae;327;58;32;22;14;10;7;5;4;2;2;2;2;2;1;1;1;1;1;1;1;1;1;1;1;1;1;1;1;1
Chromatiaceae;328;58;32;22;14;10;7;5;4;2;2;2;2;2;1;1;1;1;1;1;1;1;1;1;1;1;1;1;1;1
Chromulinaceae;54;11;10;7;7;5;3;2;2;1;1;1;1;1;1;1;1;1;1;1;1;1;1;1;1;1;1;1;1;1
Chthoniidae;204;42;23;17;12;8;5;3;2;1;1;1;1;1;1;1;1;1;1;1;1;1;1;1;1;1;1;1;1;1
Chthoniobacteraceae;329;58;32;22;14;10;7;5;4;2;2;2;2;2;1;1;1;1;1;1;1;1;1;1;1;1;1;1;1;1
Chytridiaceae;2;2;2;1;1;1;1;1;1;1;1;1;1;1;1;1;1;1;1;1;1;1;1;1;1;1;1;1;1;1
Cinetochilidae;85;14;11;7;7;5;3;2;2;1;1;1;1;1;1;1;1;1;1;1;1;1;1;1;1;1;1;1;1;1
Cladosporiaceae;228;49;26;18;12;8;5;3;2;1;1;1;1;1;1;1;1;1;1;1;1;1;1;1;1;1;1;1;1;1
Claroideoglomeraceae;176;28;21;16;11;8;5;3;2;1;1;1;1;1;1;1;1;1;1;1;1;1;1;1;1;1;1;1;1;1
Clavariaceae;241;52;28;20;13;9;6;4;3;2;2;2;2;2;1;1;1;1;1;1;1;1;1;1;1;1;1;1;1;1
Clavicipitaceae;183;30;22;16;11;8;5;3;2;1;1;1;1;1;1;1;1;1;1;1;1;1;1;1;1;1;1;1;1;1
Clavulinaceae;283;54;29;20;13;9;6;4;3;2;2;2;2;2;1;1;1;1;1;1;1;1;1;1;1;1;1;1;1;1
Clostridiaceae;330;58;32;22;14;10;7;5;4;2;2;2;2;2;1;1;1;1;1;1;1;1;1;1;1;1;1;1;1;1
Clostridiales Family XVII. Incertae Sedis;331;58;32;22;14;10;7;5;4;2;2;2;2;2;1;1;1;1;1;1;1;1;1;1;1;1;1;1;1;1
Colpodidae;66;13;11;7;7;5;3;2;2;1;1;1;1;1;1;1;1;1;1;1;1;1;1;1;1;1;1;1;1;1
Comamonadaceae;332;58;32;22;14;10;7;5;4;2;2;2;2;2;1;1;1;1;1;1;1;1;1;1;1;1;1;1;1;1
Conexibacteraceae;333;58;32;22;14;10;7;5;4;2;2;2;2;2;1;1;1;1;1;1;1;1;1;1;1;1;1;1;1;1
Convolvulaceae;154;27;20;15;11;8;5;3;2;1;1;1;1;1;1;1;1;1;1;1;1;1;1;1;1;1;1;1;1;1
Cordycipitaceae;184;30;22;16;11;8;5;3;2;1;1;1;1;1;1;1;1;1;1;1;1;1;1;1;1;1;1;1;1;1
Corticiaceae;242;52;28;20;13;9;6;4;3;2;2;2;2;2;1;1;1;1;1;1;1;1;1;1;1;1;1;1;1;1
Coxiellaceae;334;58;32;22;14;10;7;5;4;2;2;2;2;2;1;1;1;1;1;1;1;1;1;1;1;1;1;1;1;1
Crocinitomicaceae;421;58;32;22;14;10;7;5;4;2;2;2;2;2;1;1;1;1;1;1;1;1;1;1;1;1;1;1;1;1
Cryphonectriaceae;1;1;1;1;1;1;1;1;1;1;1;1;1;1;1;1;1;1;1;1;1;1;1;1;1;1;1;1;1;1
Cryptococcaceae;243;52;28;20;13;9;6;4;3;2;2;2;2;2;1;1;1;1;1;1;1;1;1;1;1;1;1;1;1;1
Cucurbitaceae;155;27;20;15;11;8;5;3;2;1;1;1;1;1;1;1;1;1;1;1;1;1;1;1;1;1;1;1;1;1
Cucurbitariaceae;244;52;28;20;13;9;6;4;3;2;2;2;2;2;1;1;1;1;1;1;1;1;1;1;1;1;1;1;1;1
Cunninghamellaceae;245;52;28;20;13;9;6;4;3;2;2;2;2;2;1;1;1;1;1;1;1;1;1;1;1;1;1;1;1;1
Curculionidae;212;45;24;17;12;8;5;3;2;1;1;1;1;1;1;1;1;1;1;1;1;1;1;1;1;1;1;1;1;1
Cyclidiidae;86;14;11;7;7;5;3;2;2;1;1;1;1;1;1;1;1;1;1;1;1;1;1;1;1;1;1;1;1;1
Cyphellophoraceae;246;52;28;20;13;9;6;4;3;2;2;2;2;2;1;1;1;1;1;1;1;1;1;1;1;1;1;1;1;1
Cyrtolophosididae;67;13;11;7;7;5;3;2;2;1;1;1;1;1;1;1;1;1;1;1;1;1;1;1;1;1;1;1;1;1
Cystobasidiaceae;188;32;22;16;11;8;5;3;2;1;1;1;1;1;1;1;1;1;1;1;1;1;1;1;1;1;1;1;1;1
Cytophagaceae;335;58;32;22;14;10;7;5;4;2;2;2;2;2;1;1;1;1;1;1;1;1;1;1;1;1;1;1;1;1
Dacrymycetaceae;1;1;1;1;1;1;1;1;1;1;1;1;1;1;1;1;1;1;1;1;1;1;1;1;1;1;1;1;1;1
Dehalococcoidaceae;336;58;32;22;14;10;7;5;4;2;2;2;2;2;1;1;1;1;1;1;1;1;1;1;1;1;1;1;1;1
Demequinaceae;337;58;32;22;14;10;7;5;4;2;2;2;2;2;1;1;1;1;1;1;1;1;1;1;1;1;1;1;1;1
Desulfobulbaceae;338;58;32;22;14;10;7;5;4;2;2;2;2;2;1;1;1;1;1;1;1;1;1;1;1;1;1;1;1;1
Desulfovibrionaceae;339;58;32;22;14;10;7;5;4;2;2;2;2;2;1;1;1;1;1;1;1;1;1;1;1;1;1;1;1;1
Desulfuromonadaceae;340;58;32;22;14;10;7;5;4;2;2;2;2;2;1;1;1;1;1;1;1;1;1;1;1;1;1;1;1;1
Diadesmidaceae;14;3;3;2;2;2;2;1;1;1;1;1;1;1;1;1;1;1;1;1;1;1;1;1;1;1;1;1;1;1
Dictyosporiaceae;247;52;28;20;13;9;6;4;3;2;2;2;2;2;1;1;1;1;1;1;1;1;1;1;1;1;1;1;1;1
Didymellaceae;216;48;26;18;12;8;5;3;2;1;1;1;1;1;1;1;1;1;1;1;1;1;1;1;1;1;1;1;1;1
Dileptidae;132;25;19;14;10;7;5;3;2;1;1;1;1;1;1;1;1;1;1;1;1;1;1;1;1;1;1;1;1;1
Dinobryaceae;30;4;4;3;3;2;2;1;1;1;1;1;1;1;1;1;1;1;1;1;1;1;1;1;1;1;1;1;1;1
Diplogasteroididae;103;17;13;9;8;6;4;3;2;1;1;1;1;1;1;1;1;1;1;1;1;1;1;1;1;1;1;1;1;1
Dipodascaceae;248;52;28;20;13;9;6;4;3;2;2;2;2;2;1;1;1;1;1;1;1;1;1;1;1;1;1;1;1;1
Diversisporaceae;177;28;21;16;11;8;5;3;2;1;1;1;1;1;1;1;1;1;1;1;1;1;1;1;1;1;1;1;1;1
Dorylaimidae;50;10;9;6;6;4;3;2;2;1;1;1;1;1;1;1;1;1;1;1;1;1;1;1;1;1;1;1;1;1
Echinamoebidae;68;13;11;7;7;5;3;2;2;1;1;1;1;1;1;1;1;1;1;1;1;1;1;1;1;1;1;1;1;1
Ectothiorhodospiraceae;341;58;32;22;14;10;7;5;4;2;2;2;2;2;1;1;1;1;1;1;1;1;1;1;1;1;1;1;1;1
Elateridae;215;47;25;18;12;8;5;3;2;1;1;1;1;1;1;1;1;1;1;1;1;1;1;1;1;1;1;1;1;1
Elusimicrobiaceae;294;57;32;22;14;10;7;5;4;2;2;2;2;2;1;1;1;1;1;1;1;1;1;1;1;1;1;1;1;1
Enchytraeidae;33;6;6;4;4;3;2;1;1;1;1;1;1;1;1;1;1;1;1;1;1;1;1;1;1;1;1;1;1;1
Endochytriaceae;249;52;28;20;13;9;6;4;3;2;2;2;2;2;1;1;1;1;1;1;1;1;1;1;1;1;1;1;1;1
Endogonaceae;231;51;27;19;13;9;6;4;3;2;2;2;2;2;1;1;1;1;1;1;1;1;1;1;1;1;1;1;1;1
Enterobacteriaceae;342;58;32;22;14;10;7;5;4;2;2;2;2;2;1;1;1;1;1;1;1;1;1;1;1;1;1;1;1;1
Entomobryidae;117;23;17;12;9;6;4;3;2;1;1;1;1;1;1;1;1;1;1;1;1;1;1;1;1;1;1;1;1;1
Entylomataceae;194;36;22;16;11;8;5;3;2;1;1;1;1;1;1;1;1;1;1;1;1;1;1;1;1;1;1;1;1;1
Eosentomidae;112;22;16;11;9;6;4;3;2;1;1;1;1;1;1;1;1;1;1;1;1;1;1;1;1;1;1;1;1;1
Epistylidae;87;14;11;7;7;5;3;2;2;1;1;1;1;1;1;1;1;1;1;1;1;1;1;1;1;1;1;1;1;1
Ericaceae;156;27;20;15;11;8;5;3;2;1;1;1;1;1;1;1;1;1;1;1;1;1;1;1;1;1;1;1;1;1
Erythrobacteraceae;343;58;32;22;14;10;7;5;4;2;2;2;2;2;1;1;1;1;1;1;1;1;1;1;1;1;1;1;1;1
Eudubosquellidae;15;3;3;2;2;2;2;1;1;1;1;1;1;1;1;1;1;1;1;1;1;1;1;1;1;1;1;1;1;1
Euglyphidae;69;13;11;7;7;5;3;2;2;1;1;1;1;1;1;1;1;1;1;1;1;1;1;1;1;1;1;1;1;1
Euplotidae;134;26;19;14;10;7;5;3;2;1;1;1;1;1;1;1;1;1;1;1;1;1;1;1;1;1;1;1;1;1
Eustigmataceae;16;3;3;2;2;2;2;1;1;1;1;1;1;1;1;1;1;1;1;1;1;1;1;1;1;1;1;1;1;1
Fabaceae;147;27;20;15;11;8;5;3;2;1;1;1;1;1;1;1;1;1;1;1;1;1;1;1;1;1;1;1;1;1
Fibrobacteraceae;295;57;32;22;14;10;7;5;4;2;2;2;2;2;1;1;1;1;1;1;1;1;1;1;1;1;1;1;1;1
Filobasidiaceae;250;52;28;20;13;9;6;4;3;2;2;2;2;2;1;1;1;1;1;1;1;1;1;1;1;1;1;1;1;1
Flavobacteriaceae;344;58;32;22;14;10;7;5;4;2;2;2;2;2;1;1;1;1;1;1;1;1;1;1;1;1;1;1;1;1
Forficulidae;111;22;16;11;9;6;4;3;2;1;1;1;1;1;1;1;1;1;1;1;1;1;1;1;1;1;1;1;1;1
Formicidae;208;44;24;17;12;8;5;3;2;1;1;1;1;1;1;1;1;1;1;1;1;1;1;1;1;1;1;1;1;1
Frankiaceae;345;58;32;22;14;10;7;5;4;2;2;2;2;2;1;1;1;1;1;1;1;1;1;1;1;1;1;1;1;1
Fusobacteriaceae;296;57;32;22;14;10;7;5;4;2;2;2;2;2;1;1;1;1;1;1;1;1;1;1;1;1;1;1;1;1
Gaiellaceae;346;58;32;22;14;10;7;5;4;2;2;2;2;2;1;1;1;1;1;1;1;1;1;1;1;1;1;1;1;1
Galumnidae;32;6;6;4;4;3;2;1;1;1;1;1;1;1;1;1;1;1;1;1;1;1;1;1;1;1;1;1;1;1
Geastraceae;251;52;28;20;13;9;6;4;3;2;2;2;2;2;1;1;1;1;1;1;1;1;1;1;1;1;1;1;1;1
Gemmataceae;285;55;30;21;14;10;7;5;4;2;2;2;2;2;1;1;1;1;1;1;1;1;1;1;1;1;1;1;1;1
Gemmatimonadaceae;286;55;30;21;14;10;7;5;4;2;2;2;2;2;1;1;1;1;1;1;1;1;1;1;1;1;1;1;1;1
Geobacteraceae;347;58;32;22;14;10;7;5;4;2;2;2;2;2;1;1;1;1;1;1;1;1;1;1;1;1;1;1;1;1
Geodermatophilaceae;348;58;32;22;14;10;7;5;4;2;2;2;2;2;1;1;1;1;1;1;1;1;1;1;1;1;1;1;1;1
Geraniaceae;157;27;20;15;11;8;5;3;2;1;1;1;1;1;1;1;1;1;1;1;1;1;1;1;1;1;1;1;1;1
Gigasporaceae;178;28;21;16;11;8;5;3;2;1;1;1;1;1;1;1;1;1;1;1;1;1;1;1;1;1;1;1;1;1
Glomeraceae;179;28;21;16;11;8;5;3;2;1;1;1;1;1;1;1;1;1;1;1;1;1;1;1;1;1;1;1;1;1
Glossiphoniidae;186;31;22;16;11;8;5;3;2;1;1;1;1;1;1;1;1;1;1;1;1;1;1;1;1;1;1;1;1;1
Grossglockneriidae;110;21;15;10;9;6;4;3;2;1;1;1;1;1;1;1;1;1;1;1;1;1;1;1;1;1;1;1;1;1
Gyropidae;213;46;24;17;12;8;5;3;2;1;1;1;1;1;1;1;1;1;1;1;1;1;1;1;1;1;1;1;1;1
Halieaceae;349;58;32;22;14;10;7;5;4;2;2;2;2;2;1;1;1;1;1;1;1;1;1;1;1;1;1;1;1;1
Halosphaeriaceae;252;52;28;20;13;9;6;4;3;2;2;2;2;2;1;1;1;1;1;1;1;1;1;1;1;1;1;1;1;1
Halteriidae;88;14;11;7;7;5;3;2;2;1;1;1;1;1;1;1;1;1;1;1;1;1;1;1;1;1;1;1;1;1
Hartmannellidae;70;13;11;7;7;5;3;2;2;1;1;1;1;1;1;1;1;1;1;1;1;1;1;1;1;1;1;1;1;1
Hausmanniellidae;71;13;11;7;7;5;3;2;2;1;1;1;1;1;1;1;1;1;1;1;1;1;1;1;1;1;1;1;1;1
Helotiaceae;253;52;28;20;13;9;6;4;3;2;2;2;2;2;1;1;1;1;1;1;1;1;1;1;1;1;1;1;1;1
Heteroderidae;218;48;26;18;12;8;5;3;2;1;1;1;1;1;1;1;1;1;1;1;1;1;1;1;1;1;1;1;1;1
Heteromitidae;72;13;11;7;7;5;3;2;2;1;1;1;1;1;1;1;1;1;1;1;1;1;1;1;1;1;1;1;1;1
Heteropediaceae;17;3;3;2;2;2;2;1;1;1;1;1;1;1;1;1;1;1;1;1;1;1;1;1;1;1;1;1;1;1
Heterophryidae;73;13;11;7;7;5;3;2;2;1;1;1;1;1;1;1;1;1;1;1;1;1;1;1;1;1;1;1;1;1
Hibberdiaceae;18;3;3;2;2;2;2;1;1;1;1;1;1;1;1;1;1;1;1;1;1;1;1;1;1;1;1;1;1;1
Histiostomatidae;116;23;17;12;9;6;4;3;2;1;1;1;1;1;1;1;1;1;1;1;1;1;1;1;1;1;1;1;1;1
Hoehnelomycetaceae;254;52;28;20;13;9;6;4;3;2;2;2;2;2;1;1;1;1;1;1;1;1;1;1;1;1;1;1;1;1
Holophagaceae;287;55;30;21;14;10;7;5;4;2;2;2;2;2;1;1;1;1;1;1;1;1;1;1;1;1;1;1;1;1
Holostichidae;135;26;19;14;10;7;5;3;2;1;1;1;1;1;1;1;1;1;1;1;1;1;1;1;1;1;1;1;1;1
Hoplolaimidae;220;48;26;18;12;8;5;3;2;1;1;1;1;1;1;1;1;1;1;1;1;1;1;1;1;1;1;1;1;1
Hyaloscyphaceae;255;52;28;20;13;9;6;4;3;2;2;2;2;2;1;1;1;1;1;1;1;1;1;1;1;1;1;1;1;1
Hydnodontaceae;1;1;1;1;1;1;1;1;1;1;1;1;1;1;1;1;1;1;1;1;1;1;1;1;1;1;1;1;1;1
Hydrogenophilaceae;350;58;32;22;14;10;7;5;4;2;2;2;2;2;1;1;1;1;1;1;1;1;1;1;1;1;1;1;1;1
Hydrophyllaceae;158;27;20;15;11;8;5;3;2;1;1;1;1;1;1;1;1;1;1;1;1;1;1;1;1;1;1;1;1;1
Hygrophoraceae;256;52;28;20;13;9;6;4;3;2;2;2;2;2;1;1;1;1;1;1;1;1;1;1;1;1;1;1;1;1
Hymenobacteraceae;351;58;32;22;14;10;7;5;4;2;2;2;2;2;1;1;1;1;1;1;1;1;1;1;1;1;1;1;1;1
Hymenochaetaceae;1;1;1;1;1;1;1;1;1;1;1;1;1;1;1;1;1;1;1;1;1;1;1;1;1;1;1;1;1;1
Hyphochytriaceae;189;33;22;16;11;8;5;3;2;1;1;1;1;1;1;1;1;1;1;1;1;1;1;1;1;1;1;1;1;1
Hyphomicrobiaceae;352;58;32;22;14;10;7;5;4;2;2;2;2;2;1;1;1;1;1;1;1;1;1;1;1;1;1;1;1;1
Hypogastruridae;118;23;17;12;9;6;4;3;2;1;1;1;1;1;1;1;1;1;1;1;1;1;1;1;1;1;1;1;1;1
Iamiaceae;353;58;32;22;14;10;7;5;4;2;2;2;2;2;1;1;1;1;1;1;1;1;1;1;1;1;1;1;1;1
Ignavibacteriaceae;297;57;32;22;14;10;7;5;4;2;2;2;2;2;1;1;1;1;1;1;1;1;1;1;1;1;1;1;1;1
Intrasporangiaceae;354;58;32;22;14;10;7;5;4;2;2;2;2;2;1;1;1;1;1;1;1;1;1;1;1;1;1;1;1;1
Isolaimiidae;40;9;9;6;6;4;3;2;2;1;1;1;1;1;1;1;1;1;1;1;1;1;1;1;1;1;1;1;1;1
Isosphaeraceae;288;55;30;21;14;10;7;5;4;2;2;2;2;2;1;1;1;1;1;1;1;1;1;1;1;1;1;1;1;1
Isotomidae;119;23;17;12;9;6;4;3;2;1;1;1;1;1;1;1;1;1;1;1;1;1;1;1;1;1;1;1;1;1
Ixioliriaceae;159;27;20;15;11;8;5;3;2;1;1;1;1;1;1;1;1;1;1;1;1;1;1;1;1;1;1;1;1;1
Juglandaceae;160;27;20;15;11;8;5;3;2;1;1;1;1;1;1;1;1;1;1;1;1;1;1;1;1;1;1;1;1;1
Julidae;34;7;7;5;5;3;2;1;1;1;1;1;1;1;1;1;1;1;1;1;1;1;1;1;1;1;1;1;1;1
Juncaceae;161;27;20;15;11;8;5;3;2;1;1;1;1;1;1;1;1;1;1;1;1;1;1;1;1;1;1;1;1;1
Kangiellaceae;355;58;32;22;14;10;7;5;4;2;2;2;2;2;1;1;1;1;1;1;1;1;1;1;1;1;1;1;1;1
Katiannidae;120;23;17;12;9;6;4;3;2;1;1;1;1;1;1;1;1;1;1;1;1;1;1;1;1;1;1;1;1;1
Kineosporiaceae;356;58;32;22;14;10;7;5;4;2;2;2;2;2;1;1;1;1;1;1;1;1;1;1;1;1;1;1;1;1
Klebsormidiaceae;19;3;3;2;2;2;2;1;1;1;1;1;1;1;1;1;1;1;1;1;1;1;1;1;1;1;1;1;1;1
Kofleriaceae;357;58;32;22;14;10;7;5;4;2;2;2;2;2;1;1;1;1;1;1;1;1;1;1;1;1;1;1;1;1
Ktedonobacteraceae;358;58;32;22;14;10;7;5;4;2;2;2;2;2;1;1;1;1;1;1;1;1;1;1;1;1;1;1;1;1
Lachnocladiaceae;257;52;28;20;13;9;6;4;3;2;2;2;2;2;1;1;1;1;1;1;1;1;1;1;1;1;1;1;1;1
Lacrymariidae;132;25;19;14;10;7;5;3;2;1;1;1;1;1;1;1;1;1;1;1;1;1;1;1;1;1;1;1;1;1
Laelapidae;203;42;23;17;12;8;5;3;2;1;1;1;1;1;1;1;1;1;1;1;1;1;1;1;1;1;1;1;1;1
Lamiaceae;162;27;20;15;11;8;5;3;2;1;1;1;1;1;1;1;1;1;1;1;1;1;1;1;1;1;1;1;1;1
Legionellaceae;359;58;32;22;14;10;7;5;4;2;2;2;2;2;1;1;1;1;1;1;1;1;1;1;1;1;1;1;1;1
Leiodidae;113;22;16;11;9;6;4;3;2;1;1;1;1;1;1;1;1;1;1;1;1;1;1;1;1;1;1;1;1;1
Leptomyxidae;60;12;11;7;7;5;3;2;2;1;1;1;1;1;1;1;1;1;1;1;1;1;1;1;1;1;1;1;1;1
Leptophryidae;136;26;19;14;10;7;5;3;2;1;1;1;1;1;1;1;1;1;1;1;1;1;1;1;1;1;1;1;1;1
Leptosphaeriaceae;200;40;22;16;11;8;5;3;2;1;1;1;1;1;1;1;1;1;1;1;1;1;1;1;1;1;1;1;1;1
Leptospiraceae;298;57;32;22;14;10;7;5;4;2;2;2;2;2;1;1;1;1;1;1;1;1;1;1;1;1;1;1;1;1
Linaceae;163;27;20;15;11;8;5;3;2;1;1;1;1;1;1;1;1;1;1;1;1;1;1;1;1;1;1;1;1;1
Lithobiidae;205;43;23;17;12;8;5;3;2;1;1;1;1;1;1;1;1;1;1;1;1;1;1;1;1;1;1;1;1;1
Lonchopteridae;114;22;16;11;9;6;4;3;2;1;1;1;1;1;1;1;1;1;1;1;1;1;1;1;1;1;1;1;1;1
Longidoridae;223;48;26;18;12;8;5;3;2;1;1;1;1;1;1;1;1;1;1;1;1;1;1;1;1;1;1;1;1;1
Lumbricidae;31;5;5;3;3;2;2;1;1;1;1;1;1;1;1;1;1;1;1;1;1;1;1;1;1;1;1;1;1;1
Magnaporthaceae;196;38;22;16;11;8;5;3;2;1;1;1;1;1;1;1;1;1;1;1;1;1;1;1;1;1;1;1;1;1
Mallomonadaceae;55;11;10;7;7;5;3;2;2;1;1;1;1;1;1;1;1;1;1;1;1;1;1;1;1;1;1;1;1;1
Marasmiaceae;258;52;28;20;13;9;6;4;3;2;2;2;2;2;1;1;1;1;1;1;1;1;1;1;1;1;1;1;1;1
Marynidae;74;13;11;7;7;5;3;2;2;1;1;1;1;1;1;1;1;1;1;1;1;1;1;1;1;1;1;1;1;1
Melastomataceae;164;27;20;15;11;8;5;3;2;1;1;1;1;1;1;1;1;1;1;1;1;1;1;1;1;1;1;1;1;1
Meloidogynidae;221;48;26;18;12;8;5;3;2;1;1;1;1;1;1;1;1;1;1;1;1;1;1;1;1;1;1;1;1;1
Merliniidae;224;48;26;18;12;8;5;3;2;1;1;1;1;1;1;1;1;1;1;1;1;1;1;1;1;1;1;1;1;1
Mermithidae;181;29;22;16;11;8;5;3;2;1;1;1;1;1;1;1;1;1;1;1;1;1;1;1;1;1;1;1;1;1
Methanomassiliicoccaceae;293;56;31;22;14;10;7;5;4;2;2;2;2;2;1;1;1;1;1;1;1;1;1;1;1;1;1;1;1;1
Methylobacteriaceae;360;58;32;22;14;10;7;5;4;2;2;2;2;2;1;1;1;1;1;1;1;1;1;1;1;1;1;1;1;1
Methylocystaceae;361;58;32;22;14;10;7;5;4;2;2;2;2;2;1;1;1;1;1;1;1;1;1;1;1;1;1;1;1;1
Methylophilaceae;362;58;32;22;14;10;7;5;4;2;2;2;2;2;1;1;1;1;1;1;1;1;1;1;1;1;1;1;1;1
Microbacteriaceae;363;58;32;22;14;10;7;5;4;2;2;2;2;2;1;1;1;1;1;1;1;1;1;1;1;1;1;1;1;1
Micrococcaceae;364;58;32;22;14;10;7;5;4;2;2;2;2;2;1;1;1;1;1;1;1;1;1;1;1;1;1;1;1;1
Microlaimidae;41;9;9;6;6;4;3;2;2;1;1;1;1;1;1;1;1;1;1;1;1;1;1;1;1;1;1;1;1;1
Micromonosporaceae;365;58;32;22;14;10;7;5;4;2;2;2;2;2;1;1;1;1;1;1;1;1;1;1;1;1;1;1;1;1
Micropepsaceae;366;58;32;22;14;10;7;5;4;2;2;2;2;2;1;1;1;1;1;1;1;1;1;1;1;1;1;1;1;1
Microthoracidae;89;14;11;7;7;5;3;2;2;1;1;1;1;1;1;1;1;1;1;1;1;1;1;1;1;1;1;1;1;1
Microthrixaceae;367;58;32;22;14;10;7;5;4;2;2;2;2;2;1;1;1;1;1;1;1;1;1;1;1;1;1;1;1;1
Mischococcaceae;20;3;3;2;2;2;2;1;1;1;1;1;1;1;1;1;1;1;1;1;1;1;1;1;1;1;1;1;1;1
Monhysteridae;42;9;9;6;6;4;3;2;2;1;1;1;1;1;1;1;1;1;1;1;1;1;1;1;1;1;1;1;1;1
Monocystidae;187;31;22;16;11;8;5;3;2;1;1;1;1;1;1;1;1;1;1;1;1;1;1;1;1;1;1;1;1;1
Mononchidae;103;17;13;9;8;6;4;3;2;1;1;1;1;1;1;1;1;1;1;1;1;1;1;1;1;1;1;1;1;1
Moraxellaceae;368;58;32;22;14;10;7;5;4;2;2;2;2;2;1;1;1;1;1;1;1;1;1;1;1;1;1;1;1;1
Mortierellaceae;259;52;28;20;13;9;6;4;3;2;2;2;2;2;1;1;1;1;1;1;1;1;1;1;1;1;1;1;1;1
Mrakiaceae;217;48;26;18;12;8;5;3;2;1;1;1;1;1;1;1;1;1;1;1;1;1;1;1;1;1;1;1;1;1
Mucoraceae;260;52;28;20;13;9;6;4;3;2;2;2;2;2;1;1;1;1;1;1;1;1;1;1;1;1;1;1;1;1
Mycobacteriaceae;369;58;32;22;14;10;7;5;4;2;2;2;2;2;1;1;1;1;1;1;1;1;1;1;1;1;1;1;1;1
Myxochloridaceae;56;11;10;7;7;5;3;2;2;1;1;1;1;1;1;1;1;1;1;1;1;1;1;1;1;1;1;1;1;1
Myxococcaceae;370;58;32;22;14;10;7;5;4;2;2;2;2;2;1;1;1;1;1;1;1;1;1;1;1;1;1;1;1;1
Nakamurellaceae;371;58;32;22;14;10;7;5;4;2;2;2;2;2;1;1;1;1;1;1;1;1;1;1;1;1;1;1;1;1
Nannocystaceae;372;58;32;22;14;10;7;5;4;2;2;2;2;2;1;1;1;1;1;1;1;1;1;1;1;1;1;1;1;1
Nassulidae;61;12;11;7;7;5;3;2;2;1;1;1;1;1;1;1;1;1;1;1;1;1;1;1;1;1;1;1;1;1
Naviculaceae;21;3;3;2;2;2;2;1;1;1;1;1;1;1;1;1;1;1;1;1;1;1;1;1;1;1;1;1;1;1
Neanuridae;121;23;17;12;9;6;4;3;2;1;1;1;1;1;1;1;1;1;1;1;1;1;1;1;1;1;1;1;1;1
Neelidae;124;23;17;12;9;6;4;3;2;1;1;1;1;1;1;1;1;1;1;1;1;1;1;1;1;1;1;1;1;1
Nitrosomonadaceae;373;58;32;22;14;10;7;5;4;2;2;2;2;2;1;1;1;1;1;1;1;1;1;1;1;1;1;1;1;1
Nitrosopumilaceae;293;56;31;22;14;10;7;5;4;2;2;2;2;2;1;1;1;1;1;1;1;1;1;1;1;1;1;1;1;1
Nitrososphaeraceae;293;56;31;22;14;10;7;5;4;2;2;2;2;2;1;1;1;1;1;1;1;1;1;1;1;1;1;1;1;1
Nitrospiraceae;299;57;32;22;14;10;7;5;4;2;2;2;2;2;1;1;1;1;1;1;1;1;1;1;1;1;1;1;1;1
Nocardiaceae;374;58;32;22;14;10;7;5;4;2;2;2;2;2;1;1;1;1;1;1;1;1;1;1;1;1;1;1;1;1
Nocardioidaceae;375;58;32;22;14;10;7;5;4;2;2;2;2;2;1;1;1;1;1;1;1;1;1;1;1;1;1;1;1;1
Noctuidae;210;45;24;17;12;8;5;3;2;1;1;1;1;1;1;1;1;1;1;1;1;1;1;1;1;1;1;1;1;1
Nordiidae;51;10;9;6;6;4;3;2;2;1;1;1;1;1;1;1;1;1;1;1;1;1;1;1;1;1;1;1;1;1
Nucleariidae;137;26;19;14;10;7;5;3;2;1;1;1;1;1;1;1;1;1;1;1;1;1;1;1;1;1;1;1;1;1
Nygolaimidae;103;17;13;9;8;6;4;3;2;1;1;1;1;1;1;1;1;1;1;1;1;1;1;1;1;1;1;1;1;1
Ochromonadaceae;57;11;10;7;7;5;3;2;2;1;1;1;1;1;1;1;1;1;1;1;1;1;1;1;1;1;1;1;1;1
Oikomonadaceae;22;3;3;2;2;2;2;1;1;1;1;1;1;1;1;1;1;1;1;1;1;1;1;1;1;1;1;1;1;1
Oleaceae;165;27;20;15;11;8;5;3;2;1;1;1;1;1;1;1;1;1;1;1;1;1;1;1;1;1;1;1;1;1
Oligoflexaceae;300;57;32;22;14;10;7;5;4;2;2;2;2;2;1;1;1;1;1;1;1;1;1;1;1;1;1;1;1;1
Olpidiaceae;201;40;22;16;11;8;5;3;2;1;1;1;1;1;1;1;1;1;1;1;1;1;1;1;1;1;1;1;1;1
Onychiuridae;125;23;17;12;9;6;4;3;2;1;1;1;1;1;1;1;1;1;1;1;1;1;1;1;1;1;1;1;1;1
Onygenaceae;261;52;28;20;13;9;6;4;3;2;2;2;2;2;1;1;1;1;1;1;1;1;1;1;1;1;1;1;1;1
Opitutaceae;376;58;32;22;14;10;7;5;4;2;2;2;2;2;1;1;1;1;1;1;1;1;1;1;1;1;1;1;1;1
Orbiliaceae;262;52;28;20;13;9;6;4;3;2;2;2;2;2;1;1;1;1;1;1;1;1;1;1;1;1;1;1;1;1
Oribatulidae;32;6;6;4;4;3;2;1;1;1;1;1;1;1;1;1;1;1;1;1;1;1;1;1;1;1;1;1;1;1
Oxalobacteraceae;377;58;32;22;14;10;7;5;4;2;2;2;2;2;1;1;1;1;1;1;1;1;1;1;1;1;1;1;1;1
Oxystominidae;43;9;9;6;6;4;3;2;2;1;1;1;1;1;1;1;1;1;1;1;1;1;1;1;1;1;1;1;1;1
Oxytrichidae;90;14;11;7;7;5;3;2;2;1;1;1;1;1;1;1;1;1;1;1;1;1;1;1;1;1;1;1;1;1
Paenibacillaceae;378;58;32;22;14;10;7;5;4;2;2;2;2;2;1;1;1;1;1;1;1;1;1;1;1;1;1;1;1;1
Palmellaceae;23;3;3;2;2;2;2;1;1;1;1;1;1;1;1;1;1;1;1;1;1;1;1;1;1;1;1;1;1;1
Panagrolaimidae;44;9;9;6;6;4;3;2;2;1;1;1;1;1;1;1;1;1;1;1;1;1;1;1;1;1;1;1;1;1
Papaveraceae;145;27;20;15;11;8;5;3;2;1;1;1;1;1;1;1;1;1;1;1;1;1;1;1;1;1;1;1;1;1
Paraglomeraceae;180;28;21;16;11;8;5;3;2;1;1;1;1;1;1;1;1;1;1;1;1;1;1;1;1;1;1;1;1;1
Paraphysomonadaceae;58;11;10;7;7;5;3;2;2;1;1;1;1;1;1;1;1;1;1;1;1;1;1;1;1;1;1;1;1;1
Parasitidae;203;42;23;17;12;8;5;3;2;1;1;1;1;1;1;1;1;1;1;1;1;1;1;1;1;1;1;1;1;1
Pasteurellaceae;379;58;32;22;14;10;7;5;4;2;2;2;2;2;1;1;1;1;1;1;1;1;1;1;1;1;1;1;1;1
Pasteuriaceae;380;58;32;22;14;10;7;5;4;2;2;2;2;2;1;1;1;1;1;1;1;1;1;1;1;1;1;1;1;1
Paulinellidae;75;13;11;7;7;5;3;2;2;1;1;1;1;1;1;1;1;1;1;1;1;1;1;1;1;1;1;1;1;1
Pemphigidae;211;45;24;17;12;8;5;3;2;1;1;1;1;1;1;1;1;1;1;1;1;1;1;1;1;1;1;1;1;1
Peptococcaceae;381;58;32;22;14;10;7;5;4;2;2;2;2;2;1;1;1;1;1;1;1;1;1;1;1;1;1;1;1;1
Peridiniaceae;24;3;3;2;2;2;2;1;1;1;1;1;1;1;1;1;1;1;1;1;1;1;1;1;1;1;1;1;1;1
Phaeosphaeriaceae;263;52;28;20;13;9;6;4;3;2;2;2;2;2;1;1;1;1;1;1;1;1;1;1;1;1;1;1;1;1
Phaselicystidaceae;382;58;32;22;14;10;7;5;4;2;2;2;2;2;1;1;1;1;1;1;1;1;1;1;1;1;1;1;1;1
Phycisphaeraceae;289;55;30;21;14;10;7;5;4;2;2;2;2;2;1;1;1;1;1;1;1;1;1;1;1;1;1;1;1;1
Phyllobacteriaceae;383;58;32;22;14;10;7;5;4;2;2;2;2;2;1;1;1;1;1;1;1;1;1;1;1;1;1;1;1;1
Phytoseiidae;203;42;23;17;12;8;5;3;2;1;1;1;1;1;1;1;1;1;1;1;1;1;1;1;1;1;1;1;1;1
Pinaceae;167;27;20;15;11;8;5;3;2;1;1;1;1;1;1;1;1;1;1;1;1;1;1;1;1;1;1;1;1;1
Piptocephalidaceae;282;53;28;20;13;9;6;4;3;2;2;2;2;2;1;1;1;1;1;1;1;1;1;1;1;1;1;1;1;1
Planctomycetaceae;290;55;30;21;14;10;7;5;4;2;2;2;2;2;1;1;1;1;1;1;1;1;1;1;1;1;1;1;1;1
Planococcaceae;384;58;32;22;14;10;7;5;4;2;2;2;2;2;1;1;1;1;1;1;1;1;1;1;1;1;1;1;1;1
Plantaginaceae;153;27;20;15;11;8;5;3;2;1;1;1;1;1;1;1;1;1;1;1;1;1;1;1;1;1;1;1;1;1
Plasmodiophoridae;197;38;22;16;11;8;5;3;2;1;1;1;1;1;1;1;1;1;1;1;1;1;1;1;1;1;1;1;1;1
Platyophryidae;76;13;11;7;7;5;3;2;2;1;1;1;1;1;1;1;1;1;1;1;1;1;1;1;1;1;1;1;1;1
Plectidae;45;9;9;6;6;4;3;2;2;1;1;1;1;1;1;1;1;1;1;1;1;1;1;1;1;1;1;1;1;1
Pleurochloridaceae;25;3;3;2;2;2;2;1;1;1;1;1;1;1;1;1;1;1;1;1;1;1;1;1;1;1;1;1;1;1
Pluteaceae;264;52;28;20;13;9;6;4;3;2;2;2;2;2;1;1;1;1;1;1;1;1;1;1;1;1;1;1;1;1
Poaceae;144;27;20;15;11;8;5;3;2;1;1;1;1;1;1;1;1;1;1;1;1;1;1;1;1;1;1;1;1;1
Poduridae;126;23;17;12;9;6;4;3;2;1;1;1;1;1;1;1;1;1;1;1;1;1;1;1;1;1;1;1;1;1
Polyangiaceae;385;58;32;22;14;10;7;5;4;2;2;2;2;2;1;1;1;1;1;1;1;1;1;1;1;1;1;1;1;1
Polydesmidae;34;7;7;5;5;3;2;1;1;1;1;1;1;1;1;1;1;1;1;1;1;1;1;1;1;1;1;1;1;1
Polygonaceae;168;27;20;15;11;8;5;3;2;1;1;1;1;1;1;1;1;1;1;1;1;1;1;1;1;1;1;1;1;1
Pratylenchidae;222;48;26;18;12;8;5;3;2;1;1;1;1;1;1;1;1;1;1;1;1;1;1;1;1;1;1;1;1;1
Prismatolaimidae;46;9;9;6;6;4;3;2;2;1;1;1;1;1;1;1;1;1;1;1;1;1;1;1;1;1;1;1;1;1
Propionibacteriaceae;386;58;32;22;14;10;7;5;4;2;2;2;2;2;1;1;1;1;1;1;1;1;1;1;1;1;1;1;1;1
Prorodontidae;91;14;11;7;7;5;3;2;2;1;1;1;1;1;1;1;1;1;1;1;1;1;1;1;1;1;1;1;1;1
Protomycetaceae;198;39;22;16;11;8;5;3;2;1;1;1;1;1;1;1;1;1;1;1;1;1;1;1;1;1;1;1;1;1
Protoribatidae;32;6;6;4;4;3;2;1;1;1;1;1;1;1;1;1;1;1;1;1;1;1;1;1;1;1;1;1;1;1
Psathyrellaceae;1;1;1;1;1;1;1;1;1;1;1;1;1;1;1;1;1;1;1;1;1;1;1;1;1;1;1;1;1;1
Pseudomonadaceae;387;58;32;22;14;10;7;5;4;2;2;2;2;2;1;1;1;1;1;1;1;1;1;1;1;1;1;1;1;1
Pseudonocardiaceae;388;58;32;22;14;10;7;5;4;2;2;2;2;2;1;1;1;1;1;1;1;1;1;1;1;1;1;1;1;1
Psoraceae;265;52;28;20;13;9;6;4;3;2;2;2;2;2;1;1;1;1;1;1;1;1;1;1;1;1;1;1;1;1
Pterulaceae;266;52;28;20;13;9;6;4;3;2;2;2;2;2;1;1;1;1;1;1;1;1;1;1;1;1;1;1;1;1
Pythiaceae;227;48;26;18;12;8;5;3;2;1;1;1;1;1;1;1;1;1;1;1;1;1;1;1;1;1;1;1;1;1
Pyxidiophoraceae;267;52;28;20;13;9;6;4;3;2;2;2;2;2;1;1;1;1;1;1;1;1;1;1;1;1;1;1;1;1
Qudsianematidae;52;10;9;6;6;4;3;2;2;1;1;1;1;1;1;1;1;1;1;1;1;1;1;1;1;1;1;1;1;1
Ranunculaceae;146;27;20;15;11;8;5;3;2;1;1;1;1;1;1;1;1;1;1;1;1;1;1;1;1;1;1;1;1;1
Resource::Decaying_wood;193;35;22;16;11;8;5;3;2;1;1;1;1;1;1;1;1;1;1;1;1;1;1;1;1;1;1;1;1;1
Resource::Dung;190;34;22;16;11;8;5;3;2;1;1;1;1;1;1;1;1;1;1;1;1;1;1;1;1;1;1;1;1;1
Resource::Litter;192;34;22;16;11;8;5;3;2;1;1;1;1;1;1;1;1;1;1;1;1;1;1;1;1;1;1;1;1;1
Resource::MOS;191;34;22;16;11;8;5;3;2;1;1;1;1;1;1;1;1;1;1;1;1;1;1;1;1;1;1;1;1;1
Rhabditidae;47;9;9;6;6;4;3;2;2;1;1;1;1;1;1;1;1;1;1;1;1;1;1;1;1;1;1;1;1;1
Rhabdolaimidae;48;9;9;6;6;4;3;2;2;1;1;1;1;1;1;1;1;1;1;1;1;1;1;1;1;1;1;1;1;1
Rhagidiidae;203;42;23;17;12;8;5;3;2;1;1;1;1;1;1;1;1;1;1;1;1;1;1;1;1;1;1;1;1;1
Rhizobiaceae;389;58;32;22;14;10;7;5;4;2;2;2;2;2;1;1;1;1;1;1;1;1;1;1;1;1;1;1;1;1
Rhizophlyctidaceae;268;52;28;20;13;9;6;4;3;2;2;2;2;2;1;1;1;1;1;1;1;1;1;1;1;1;1;1;1;1
Rhizophydiaceae;269;52;28;20;13;9;6;4;3;2;2;2;2;2;1;1;1;1;1;1;1;1;1;1;1;1;1;1;1;1
Rhodanobacteraceae;390;58;32;22;14;10;7;5;4;2;2;2;2;2;1;1;1;1;1;1;1;1;1;1;1;1;1;1;1;1
Rhodobacteraceae;391;58;32;22;14;10;7;5;4;2;2;2;2;2;1;1;1;1;1;1;1;1;1;1;1;1;1;1;1;1
Rhodobiaceae;392;58;32;22;14;10;7;5;4;2;2;2;2;2;1;1;1;1;1;1;1;1;1;1;1;1;1;1;1;1
Rhodocyclaceae;393;58;32;22;14;10;7;5;4;2;2;2;2;2;1;1;1;1;1;1;1;1;1;1;1;1;1;1;1;1
Rhodospirillaceae;394;58;32;22;14;10;7;5;4;2;2;2;2;2;1;1;1;1;1;1;1;1;1;1;1;1;1;1;1;1
Rhodothermaceae;395;58;32;22;14;10;7;5;4;2;2;2;2;2;1;1;1;1;1;1;1;1;1;1;1;1;1;1;1;1
Roseiarcaceae;396;58;32;22;14;10;7;5;4;2;2;2;2;2;1;1;1;1;1;1;1;1;1;1;1;1;1;1;1;1
Roseiflexaceae;397;58;32;22;14;10;7;5;4;2;2;2;2;2;1;1;1;1;1;1;1;1;1;1;1;1;1;1;1;1
Rubrobacteraceae;398;58;32;22;14;10;7;5;4;2;2;2;2;2;1;1;1;1;1;1;1;1;1;1;1;1;1;1;1;1
Saccharomycetaceae;270;52;28;20;13;9;6;4;3;2;2;2;2;2;1;1;1;1;1;1;1;1;1;1;1;1;1;1;1;1
Salicaceae;170;27;20;15;11;8;5;3;2;1;1;1;1;1;1;1;1;1;1;1;1;1;1;1;1;1;1;1;1;1
Salpingoecidae;92;14;11;7;7;5;3;2;2;1;1;1;1;1;1;1;1;1;1;1;1;1;1;1;1;1;1;1;1;1
Sanguibacteraceae;399;58;32;22;14;10;7;5;4;2;2;2;2;2;1;1;1;1;1;1;1;1;1;1;1;1;1;1;1;1
Sapindaceae;166;27;20;15;11;8;5;3;2;1;1;1;1;1;1;1;1;1;1;1;1;1;1;1;1;1;1;1;1;1
Saprolegniaceae;195;37;22;16;11;8;5;3;2;1;1;1;1;1;1;1;1;1;1;1;1;1;1;1;1;1;1;1;1;1
Saprospiraceae;400;58;32;22;14;10;7;5;4;2;2;2;2;2;1;1;1;1;1;1;1;1;1;1;1;1;1;1;1;1
Scarabaeidae;37;8;8;5;5;3;2;1;1;1;1;1;1;1;1;1;1;1;1;1;1;1;1;1;1;1;1;1;1;1
Scenedesmaceae;26;3;3;2;2;2;2;1;1;1;1;1;1;1;1;1;1;1;1;1;1;1;1;1;1;1;1;1;1;1
Sciaridae;35;7;7;5;5;3;2;1;1;1;1;1;1;1;1;1;1;1;1;1;1;1;1;1;1;1;1;1;1;1
Sebacinaceae;271;52;28;20;13;9;6;4;3;2;2;2;2;2;1;1;1;1;1;1;1;1;1;1;1;1;1;1;1;1
Serpulaceae;1;1;1;1;1;1;1;1;1;1;1;1;1;1;1;1;1;1;1;1;1;1;1;1;1;1;1;1;1;1
Siluaniidae;93;14;11;7;7;5;3;2;2;1;1;1;1;1;1;1;1;1;1;1;1;1;1;1;1;1;1;1;1;1
Sinobacteraceae;401;58;32;22;14;10;7;5;4;2;2;2;2;2;1;1;1;1;1;1;1;1;1;1;1;1;1;1;1;1
Sminthuridae;122;23;17;12;9;6;4;3;2;1;1;1;1;1;1;1;1;1;1;1;1;1;1;1;1;1;1;1;1;1
Sminthurididae;123;23;17;12;9;6;4;3;2;1;1;1;1;1;1;1;1;1;1;1;1;1;1;1;1;1;1;1;1;1
Solanaceae;148;27;20;15;11;8;5;3;2;1;1;1;1;1;1;1;1;1;1;1;1;1;1;1;1;1;1;1;1;1
Solibacteraceae;291;55;30;21;14;10;7;5;4;2;2;2;2;2;1;1;1;1;1;1;1;1;1;1;1;1;1;1;1;1
Solirubrobacteraceae;402;58;32;22;14;10;7;5;4;2;2;2;2;2;1;1;1;1;1;1;1;1;1;1;1;1;1;1;1;1
Spathidiidae;132;25;19;14;10;7;5;3;2;1;1;1;1;1;1;1;1;1;1;1;1;1;1;1;1;1;1;1;1;1
Sphaerobacteraceae;403;58;32;22;14;10;7;5;4;2;2;2;2;2;1;1;1;1;1;1;1;1;1;1;1;1;1;1;1;1
Sphaerobolaceae;272;52;28;20;13;9;6;4;3;2;2;2;2;2;1;1;1;1;1;1;1;1;1;1;1;1;1;1;1;1
Sphenoderiidae;77;13;11;7;7;5;3;2;2;1;1;1;1;1;1;1;1;1;1;1;1;1;1;1;1;1;1;1;1;1
Sphingobacteriaceae;404;58;32;22;14;10;7;5;4;2;2;2;2;2;1;1;1;1;1;1;1;1;1;1;1;1;1;1;1;1
Sphingomonadaceae;405;58;32;22;14;10;7;5;4;2;2;2;2;2;1;1;1;1;1;1;1;1;1;1;1;1;1;1;1;1
Spirochaetaceae;301;57;32;22;14;10;7;5;4;2;2;2;2;2;1;1;1;1;1;1;1;1;1;1;1;1;1;1;1;1
Spirofilidae;138;26;19;14;10;7;5;3;2;1;1;1;1;1;1;1;1;1;1;1;1;1;1;1;1;1;1;1;1;1
Spizellomycetaceae;273;52;28;20;13;9;6;4;3;2;2;2;2;2;1;1;1;1;1;1;1;1;1;1;1;1;1;1;1;1
Sporichthyaceae;406;58;32;22;14;10;7;5;4;2;2;2;2;2;1;1;1;1;1;1;1;1;1;1;1;1;1;1;1;1
Sporidiobolaceae;274;52;28;20;13;9;6;4;3;2;2;2;2;2;1;1;1;1;1;1;1;1;1;1;1;1;1;1;1;1
Sporormiaceae;275;52;28;20;13;9;6;4;3;2;2;2;2;2;1;1;1;1;1;1;1;1;1;1;1;1;1;1;1;1
Staphylinidae;111;22;16;11;9;6;4;3;2;1;1;1;1;1;1;1;1;1;1;1;1;1;1;1;1;1;1;1;1;1
Staphylococcaceae;407;58;32;22;14;10;7;5;4;2;2;2;2;2;1;1;1;1;1;1;1;1;1;1;1;1;1;1;1;1
Stemonitidae;78;13;11;7;7;5;3;2;2;1;1;1;1;1;1;1;1;1;1;1;1;1;1;1;1;1;1;1;1;1
Stephanoecidae;94;14;11;7;7;5;3;2;2;1;1;1;1;1;1;1;1;1;1;1;1;1;1;1;1;1;1;1;1;1
Stereaceae;276;52;28;20;13;9;6;4;3;2;2;2;2;2;1;1;1;1;1;1;1;1;1;1;1;1;1;1;1;1
Streptomycetaceae;408;58;32;22;14;10;7;5;4;2;2;2;2;2;1;1;1;1;1;1;1;1;1;1;1;1;1;1;1;1
Streptosporangiaceae;409;58;32;22;14;10;7;5;4;2;2;2;2;2;1;1;1;1;1;1;1;1;1;1;1;1;1;1;1;1
Strophariaceae;277;52;28;20;13;9;6;4;3;2;2;2;2;2;1;1;1;1;1;1;1;1;1;1;1;1;1;1;1;1
Synchytriaceae;199;39;22;16;11;8;5;3;2;1;1;1;1;1;1;1;1;1;1;1;1;1;1;1;1;1;1;1;1;1
Syntrophaceae;410;58;32;22;14;10;7;5;4;2;2;2;2;2;1;1;1;1;1;1;1;1;1;1;1;1;1;1;1;1
Syntrophobacteraceae;411;58;32;22;14;10;7;5;4;2;2;2;2;2;1;1;1;1;1;1;1;1;1;1;1;1;1;1;1;1
Taxaceae;169;27;20;15;11;8;5;3;2;1;1;1;1;1;1;1;1;1;1;1;1;1;1;1;1;1;1;1;1;1
Tectocepheidae;32;6;6;4;4;3;2;1;1;1;1;1;1;1;1;1;1;1;1;1;1;1;1;1;1;1;1;1;1;1
Tepidisphaeraceae;292;55;30;21;14;10;7;5;4;2;2;2;2;2;1;1;1;1;1;1;1;1;1;1;1;1;1;1;1;1
Teratocephalidae;49;9;9;6;6;4;3;2;2;1;1;1;1;1;1;1;1;1;1;1;1;1;1;1;1;1;1;1;1;1
Tetrahymenidae;95;14;11;7;7;5;3;2;2;1;1;1;1;1;1;1;1;1;1;1;1;1;1;1;1;1;1;1;1;1
Tetranychidae;105;19;14;9;8;6;4;3;2;1;1;1;1;1;1;1;1;1;1;1;1;1;1;1;1;1;1;1;1;1
Thaumatomastigidae;79;13;11;7;7;5;3;2;2;1;1;1;1;1;1;1;1;1;1;1;1;1;1;1;1;1;1;1;1;1
Theridiidae;206;43;23;17;12;8;5;3;2;1;1;1;1;1;1;1;1;1;1;1;1;1;1;1;1;1;1;1;1;1
Thermoactinomycetaceae;412;58;32;22;14;10;7;5;4;2;2;2;2;2;1;1;1;1;1;1;1;1;1;1;1;1;1;1;1;1
Thermoanaerobacteraceae;413;58;32;22;14;10;7;5;4;2;2;2;2;2;1;1;1;1;1;1;1;1;1;1;1;1;1;1;1;1
Thermoleophilaceae;414;58;32;22;14;10;7;5;4;2;2;2;2;2;1;1;1;1;1;1;1;1;1;1;1;1;1;1;1;1
Thermomonosporaceae;415;58;32;22;14;10;7;5;4;2;2;2;2;2;1;1;1;1;1;1;1;1;1;1;1;1;1;1;1;1
Thripidae;101;15;12;8;8;6;4;3;2;1;1;1;1;1;1;1;1;1;1;1;1;1;1;1;1;1;1;1;1;1
Tipulidae;35;7;7;5;5;3;2;1;1;1;1;1;1;1;1;1;1;1;1;1;1;1;1;1;1;1;1;1;1;1
Trachelostylidae;139;26;19;14;10;7;5;3;2;1;1;1;1;1;1;1;1;1;1;1;1;1;1;1;1;1;1;1;1;1
Tribonemataceae;27;3;3;2;2;2;2;1;1;1;1;1;1;1;1;1;1;1;1;1;1;1;1;1;1;1;1;1;1;1
Trichocercidae;96;14;11;7;7;5;3;2;2;1;1;1;1;1;1;1;1;1;1;1;1;1;1;1;1;1;1;1;1;1
Trichocomaceae;278;52;28;20;13;9;6;4;3;2;2;2;2;2;1;1;1;1;1;1;1;1;1;1;1;1;1;1;1;1
Trichodoridae;225;48;26;18;12;8;5;3;2;1;1;1;1;1;1;1;1;1;1;1;1;1;1;1;1;1;1;1;1;1
Tricholomataceae;279;52;28;20;13;9;6;4;3;2;2;2;2;2;1;1;1;1;1;1;1;1;1;1;1;1;1;1;1;1
Trichosporonaceae;280;52;28;20;13;9;6;4;3;2;2;2;2;2;1;1;1;1;1;1;1;1;1;1;1;1;1;1;1;1
Trinematidae;80;13;11;7;7;5;3;2;2;1;1;1;1;1;1;1;1;1;1;1;1;1;1;1;1;1;1;1;1;1
Tripylidae;53;10;9;6;6;4;3;2;2;1;1;1;1;1;1;1;1;1;1;1;1;1;1;1;1;1;1;1;1;1
Trypanosomatidae;182;29;22;16;11;8;5;3;2;1;1;1;1;1;1;1;1;1;1;1;1;1;1;1;1;1;1;1;1;1
Tubeufiaceae;281;52;28;20;13;9;6;4;3;2;2;2;2;2;1;1;1;1;1;1;1;1;1;1;1;1;1;1;1;1
Tullbergiidae;127;23;17;12;9;6;4;3;2;1;1;1;1;1;1;1;1;1;1;1;1;1;1;1;1;1;1;1;1;1
Tylenchidae;102;16;12;8;8;6;4;3;2;1;1;1;1;1;1;1;1;1;1;1;1;1;1;1;1;1;1;1;1;1
Tylencholaimidae;109;20;15;10;9;6;4;3;2;1;1;1;1;1;1;1;1;1;1;1;1;1;1;1;1;1;1;1;1;1
Tylenchulidae;219;48;26;18;12;8;5;3;2;1;1;1;1;1;1;1;1;1;1;1;1;1;1;1;1;1;1;1;1;1
Uronematidae;97;14;11;7;7;5;3;2;2;1;1;1;1;1;1;1;1;1;1;1;1;1;1;1;1;1;1;1;1;1
Uropodidae;128;23;17;12;9;6;4;3;2;1;1;1;1;1;1;1;1;1;1;1;1;1;1;1;1;1;1;1;1;1
Urostylidae;140;26;19;14;10;7;5;3;2;1;1;1;1;1;1;1;1;1;1;1;1;1;1;1;1;1;1;1;1;1
Urticaceae;149;27;20;15;11;8;5;3;2;1;1;1;1;1;1;1;1;1;1;1;1;1;1;1;1;1;1;1;1;1
Vahlkampfiidae;62;12;11;7;7;5;3;2;2;1;1;1;1;1;1;1;1;1;1;1;1;1;1;1;1;1;1;1;1;1
Vampyrellidae;141;26;19;14;10;7;5;3;2;1;1;1;1;1;1;1;1;1;1;1;1;1;1;1;1;1;1;1;1;1
Vaucheriaceae;28;3;3;2;2;2;2;1;1;1;1;1;1;1;1;1;1;1;1;1;1;1;1;1;1;1;1;1;1;1
Veigaiidae;203;42;23;17;12;8;5;3;2;1;1;1;1;1;1;1;1;1;1;1;1;1;1;1;1;1;1;1;1;1
Verrucomicrobia subdivision 3;416;58;32;22;14;10;7;5;4;2;2;2;2;2;1;1;1;1;1;1;1;1;1;1;1;1;1;1;1;1
Verrucomicrobiaceae;417;58;32;22;14;10;7;5;4;2;2;2;2;2;1;1;1;1;1;1;1;1;1;1;1;1;1;1;1;1
Vexilliferidae;98;14;11;7;7;5;3;2;2;1;1;1;1;1;1;1;1;1;1;1;1;1;1;1;1;1;1;1;1;1
Viridiraptoridae;131;24;18;13;10;7;5;3;2;1;1;1;1;1;1;1;1;1;1;1;1;1;1;1;1;1;1;1;1;1
Vorticellidae;99;14;11;7;7;5;3;2;2;1;1;1;1;1;1;1;1;1;1;1;1;1;1;1;1;1;1;1;1;1
Vulgatibacteraceae;418;58;32;22;14;10;7;5;4;2;2;2;2;2;1;1;1;1;1;1;1;1;1;1;1;1;1;1;1;1
Xanthobacteraceae;419;58;32;22;14;10;7;5;4;2;2;2;2;2;1;1;1;1;1;1;1;1;1;1;1;1;1;1;1;1
Xanthomonadaceae;420;58;32;22;14;10;7;5;4;2;2;2;2;2;1;1;1;1;1;1;1;1;1;1;1;1;1;1;1;1
Xanthonemataceae;29;3;3;2;2;2;2;1;1;1;1;1;1;1;1;1;1;1;1;1;1;1;1;1;1;1;1;1;1;1
Zoothamniidae;100;14;11;7;7;5;3;2;2;1;1;1;1;1;1;1;1;1;1;1;1;1;1;1;1;1;1;1;1;1
counts;421;58;32;22;14;10;7;5;4;2;2;2;2;2;1;1;1;1;1;1;1;1;1;1;1;1;1;1;1;1
