TG1;TG2;type
Pathogen::Pythium_m;Bacterivorous::Nematode;parasitic
Pred3::Mesostigmata;Bacterivorous::Nematode;trophic
Pred3::Pseudosc;Bacterivorous::Nematode;trophic
Parasitic::Romanomermis;Coprophage::Insect;parasitic
Parasitic::Trypanosomatidae;Coprophage::Insect;parasitic
Parasitic::Entomopath;Coprophage::Insect;parasitic
Fungivorous::Astigmata;Coprotroph::Ascomycota;trophic
Fungivorous::Insect;Coprotroph::Ascomycota;trophic
Fungivorous::Nematode;Coprotroph::Ascomycota;trophic
Fungivorous::Protist;Coprotroph::Ascomycota;trophic
Non.selective::Forficulidae;Coprotroph::Ascomycota;trophic
Non.selective::Nematode;Coprotroph::Ascomycota;trophic
Non.selective::Uropoda;Coprotroph::Ascomycota;trophic
Parasitic::Cystobasidium;Coprotroph::Ascomycota;parasitic
Saprofungivore::Collembole;Coprotroph::Ascomycota;trophic
Fungivorous::Astigmata;Coprotroph::Basidiomycota;trophic
Fungivorous::Insect;Coprotroph::Basidiomycota;trophic
Fungivorous::Nematode;Coprotroph::Basidiomycota;trophic
Fungivorous::Protist;Coprotroph::Basidiomycota;trophic
Non.selective::Forficulidae;Coprotroph::Basidiomycota;trophic
Non.selective::Nematode;Coprotroph::Basidiomycota;trophic
Non.selective::Uropoda;Coprotroph::Basidiomycota;trophic
Saprofungivore::Collembole;Coprotroph::Basidiomycota;trophic
Bacterivorous::Nematode;Decomposers::Archae;trophic
Bacterivorous::Protist;Decomposers::Archae;trophic
Non.selective::Nematode;Decomposers::Archae;trophic
Bacterivorous::Nematode;Decomposers::Bacterie;trophic
Bacterivorous::Protist;Decomposers::Bacterie;trophic
Non.selective::Nematode;Decomposers::Bacterie;trophic
Phytophage::Algae;Decomposers::Bacterie;trophic
Pred1attach::Protist;Decomposers::Bacterie;trophic
Pred1free::Protist;Decomposers::Bacterie;trophic
Bacterivorous::Nematode;Unknown::Bacterie;trophic
Bacterivorous::Protist;Unknown::Bacterie;trophic
Non.selective::Nematode;Unknown::Bacterie;trophic
Phytophage::Algae;Unknown::Bacterie;trophic
Pred1attach::Protist;Unknown::Bacterie;trophic
Pred1free::Protist;Unknown::Bacterie;trophic
Bacterivorous::Nematode;Miners::Bacterie;trophic
Bacterivorous::Protist;Miners::Bacterie;trophic
Non.selective::Nematode;Miners::Bacterie;trophic
Phytophage::Algae;Miners::Bacterie;trophic
Pred1attach::Protist;Miners::Bacterie;trophic
Pred1free::Protist;Miners::Bacterie;trophic
Bacterivorous::Nematode;Opportunists::Bacterie;trophic
Bacterivorous::Protist;Opportunists::Bacterie;trophic
Non.selective::Nematode;Opportunists::Bacterie;trophic
Phytophage::Algae;Opportunists::Bacterie;trophic
Pred1attach::Protist;Opportunists::Bacterie;trophic
Pred1free::Protist;Opportunists::Bacterie;trophic
Pred3::Mesostigmata;Fungivorous::Astigmata;trophic
Pred3::Pseudosc;Fungivorous::Astigmata;trophic
Pred4::Chilopode;Fungivorous::Astigmata;trophic
Pred4::Robertus;Fungivorous::Astigmata;trophic
Parasitic::Entomopath;Fungivorous::Astigmata;parasitic
Parasitic::Entomopath;Fungivorous::Insect;parasitic
Pathogen::Pythium_m;Fungivorous::Nematode;parasitic
Pred3::Mesostigmata;Fungivorous::Nematode;trophic
Pred3::Nematode;Fungivorous::Nematode;trophic
Pred3::Pseudosc;Fungivorous::Nematode;trophic
Pred4::Robertus;Fungivorous::Nematode;trophic
Parasitic::Anoplophrya;Geophageous::Lumb;parasitic
Parasitic::Glossiphoniidae;Geophageous::Lumb;parasitic
Parasitic::Monocystis;Geophageous::Lumb;parasitic
Fungivorous::Astigmata;Lignotroph::Fungi;trophic
Fungivorous::Insect;Lignotroph::Fungi;trophic
Fungivorous::Nematode;Lignotroph::Fungi;trophic
Fungivorous::Protist;Lignotroph::Fungi;trophic
Non.selective::Forficulidae;Lignotroph::Fungi;trophic
Non.selective::Nematode;Lignotroph::Fungi;trophic
Non.selective::Uropoda;Lignotroph::Fungi;trophic
Saprofungivore::Collembole;Lignotroph::Fungi;trophic
Parasitic::Gliricola;Mammifere;parasitic
Non.selective::Forficulidae;Non.selective::Endeostigmata;trophic
Pred3::Mesostigmata;Non.selective::Endeostigmata;trophic
Pred4::Robertus;Non.selective::Endeostigmata;trophic
Pred4::Robertus;Non.selective::Endeostigmata;trophic
Parasitic::Entomopath;Non.selective::Endeostigmata;parasitic
Parasitic::Entomopath;Non.selective::Forficulidae;parasitic
Parasitic::Romanomermis;Non.selective::Myrmica;parasitic
Parasitic::Trypanosomatidae;Non.selective::Myrmica;parasitic
Parasitic::Entomopath;Non.selective::Myrmica;parasitic
Pathogen::Pythium_m;Non.selective::Nematode;parasitic
Pred3::Mesostigmata;Non.selective::Nematode;trophic
Pred3::Pseudosc;Non.selective::Nematode;trophic
Pred4::Robertus;Non.selective::Nematode;trophic
Non.selective::Forficulidae;Non.selective::Uropoda;trophic
Pred3::Mesostigmata;Non.selective::Uropoda;trophic
Pred3::Pseudosc;Non.selective::Uropoda;trophic
Pred4::Chilopode;Non.selective::Uropoda;trophic
Pred4::Robertus;Non.selective::Uropoda;trophic
Parasitic::Entomopath;Non.selective::Uropoda;parasitic
Parasitic::Romanomermis;Parasitic::Aphidius;parasitic
Parasitic::Trypanosomatidae;Parasitic::Aphidius;parasitic
Parasitic::Entomopath;Parasitic::Aphidius;parasitic
Parasitic::Entomopath;Parasitic::Gliricola;parasitic
Pred3::Mesostigmata;Parasitic::Rhizoglyphus;trophic
Parasitic::Entomopath;Parasitic::Rhizoglyphus;parasitic
Pred3::Mesostigmata;Parasitic::Tetranychus;trophic
Parasitic::Entomopath;Parasitic::Tetranychus;parasitic
Parasitic::Romanomermis;Parasitic::Thripinae;parasitic
Parasitic::Trypanosomatidae;Parasitic::Thripinae;parasitic
Pred3::Mesostigmata;Parasitic::Thripinae;trophic
Pred3::Pseudosc;Parasitic::Thripinae;trophic
Pred4::Chilopode;Parasitic::Thripinae;trophic
Pred4::Robertus;Parasitic::Thripinae;trophic
Parasitic::Entomopath;Parasitic::Thripinae;parasitic
Hyperparasitoid::Hyphochytrium;Pathogen::Aphanomyces;parasitic
Hyperparasitoid::Hyphochytrium;Pathogen::Pythium;parasitic
Hyperparasitoid::Woronina;Pathogen::Pythium;parasitic
Hyperparasitoid::Hyphochytrium;Pathogen::Pythium_m;parasitic
Hyperparasitoid::Woronina;Pathogen::Pythium_m;parasitic
Algivorous::Protist;Phototroph::Algae;trophic
Non.selective::Forficulidae;Phototroph::Algae;trophic
Non.selective::Nematode;Phototroph::Algae;trophic
Phytophage::Algae;Phototroph::Algae;trophic
Pred1attach::Protist;Phototroph::Algae;trophic
Pred1free::Protist;Phototroph::Algae;trophic
Parasitic::Polysiphoniae;Phototroph::Algae;parasitic
Saprotroph::Chytridium;Phototroph::Algae;parasitic
Parasitic::Rhizophydium_p;Phototroph::Algae;parasitic
ACM::Glomeromyc;Phototroph::Apiaceae;symbiotic
Mammifere;Phototroph::Apiaceae;trophic
Parasitic::Thripinae;Phototroph::Apiaceae;parasitic
Parasitic_p::Nematode;Phototroph::Apiaceae;parasitic
Pathogen::Pythium;Phototroph::Apiaceae;parasitic
Pathogen::Pythium_m;Phototroph::Apiaceae;parasitic
Phytophage::Aphididae;Phototroph::Apiaceae;trophic
Phytophage::Aulacorthum;Phototroph::Apiaceae;trophic
Phytophage::Elateridae;Phototroph::Apiaceae;trophic
Phytophage::Macrosiphini;Phototroph::Apiaceae;trophic
Phytophage::Myzus;Phototroph::Apiaceae;trophic
Phytophage::Nematode;Phototroph::Apiaceae;trophic
Parasitic::Rhizoctonia_s;Phototroph::Apiaceae;parasitic
Parasitic::Phoma;Phototroph::Apiaceae;parasitic
Parasitic::Itersonilia;Phototroph::Apiaceae;parasitic
Parasitic::Protomyces;Phototroph::Apiaceae;parasitic
Parasitic::Rhizophydium;Phototroph::Apiaceae;parasitic
Parasitic::Synchytrium;Phototroph::Apiaceae;parasitic
ACM::Glomeromyc;Phototroph::Asteraceae;symbiotic
Mammifere;Phototroph::Asteraceae;trophic
Mammifere;Phototroph::Asteraceae;trophic
Parasitic::Thripinae;Phototroph::Asteraceae;parasitic
Parasitic_p::Nematode;Phototroph::Asteraceae;parasitic
Pathogen::Pythium;Phototroph::Asteraceae;parasitic
Pathogen::Pythium_m;Phototroph::Asteraceae;parasitic
Phytophage::Aphididae;Phototroph::Asteraceae;trophic
Phytophage::Aulacorthum;Phototroph::Asteraceae;trophic
Phytophage::Elateridae;Phototroph::Asteraceae;trophic
Phytophage::Macrosiphini;Phototroph::Asteraceae;trophic
Phytophage::Myzus;Phototroph::Asteraceae;trophic
Phytophage::Nematode;Phototroph::Asteraceae;trophic
Phytophage::Noctua;Phototroph::Asteraceae;trophic
Phytophage::Pemphigus;Phototroph::Asteraceae;trophic
Parasitic::Phoma;Phototroph::Asteraceae;parasitic
Parasitic::Itersonilia;Phototroph::Asteraceae;parasitic
ACM::Glomeromyc;Phototroph::Brassicaceae;symbiotic
Mammifere;Phototroph::Brassicaceae;trophic
Parasitic::Olpidium;Phototroph::Brassicaceae;parasitic
Parasitic::Thripinae;Phototroph::Brassicaceae;parasitic
Parasitic_p::Nematode;Phototroph::Brassicaceae;parasitic
Pathogen::Pythium;Phototroph::Brassicaceae;parasitic
Pathogen::Pythium_m;Phototroph::Brassicaceae;parasitic
Phytophage::Aphididae;Phototroph::Brassicaceae;trophic
Phytophage::Aulacorthum;Phototroph::Brassicaceae;trophic
Phytophage::Elateridae;Phototroph::Brassicaceae;trophic
Phytophage::Macrosiphini;Phototroph::Brassicaceae;trophic
Phytophage::Myzus;Phototroph::Brassicaceae;trophic
Phytophage::Nematode;Phototroph::Brassicaceae;trophic
Parasitic::Rhizoctonia_s;Phototroph::Brassicaceae;parasitic
Parasitic::Phoma;Phototroph::Brassicaceae;parasitic
Parasitic::Leptosphaeria;Phototroph::Brassicaceae;parasitic
Parasitic::Itersonilia;Phototroph::Brassicaceae;parasitic
Saprotroph::Multiclavula ;Phototroph::Coccomyxa;symbiotic
ACM::Glomeromyc;Phototroph::Fabaceae;symbiotic
Mammifere;Phototroph::Fabaceae;trophic
Parasitic::Tetranychus;Phototroph::Fabaceae;parasitic
Parasitic::Thripinae;Phototroph::Fabaceae;parasitic
Parasitic_p::Nematode;Phototroph::Fabaceae;parasitic
Pathogen::Aphanomyces;Phototroph::Fabaceae;parasitic
Pathogen::Pythium;Phototroph::Fabaceae;parasitic
Pathogen::Pythium_m;Phototroph::Fabaceae;parasitic
Phytophage::Acyrthosiphon;Phototroph::Fabaceae;trophic
Phytophage::Aphididae;Phototroph::Fabaceae;trophic
Phytophage::Barynotus;Phototroph::Fabaceae;trophic
Phytophage::Elateridae;Phototroph::Fabaceae;trophic
Phytophage::Macrosiphini;Phototroph::Fabaceae;trophic
Phytophage::Nematode;Phototroph::Fabaceae;trophic
Phytophage::Sitona;Phototroph::Fabaceae;trophic
Symbiot::Rhizobium;Phototroph::Fabaceae;symbiotic
Parasitic::Phoma;Phototroph::Fabaceae;parasitic
Parasitic::Itersonilia;Phototroph::Fabaceae;parasitic
ACM::Glomeromyc;Phototroph::Fagales;symbiotic
Mammifere;Phototroph::Fagales;trophic
Parasitic::Thripinae;Phototroph::Fagales;parasitic
Parasitic_p::Nematode;Phototroph::Fagales;parasitic
Pathogen::Pythium;Phototroph::Fagales;parasitic
Pathogen::Pythium_m;Phototroph::Fagales;parasitic
Phytophage::Aphididae;Phototroph::Fagales;trophic
Phytophage::Elateridae;Phototroph::Fagales;trophic
Phytophage::Nematode;Phototroph::Fagales;trophic
Phytophage::Otiorhynchus ;Phototroph::Fagales;trophic
ACM::Glomeromyc;Phototroph::non-legume;symbiotic
Mammifere;Phototroph::non-legume;trophic
Parasitic::Thripinae;Phototroph::non-legume;parasitic
Parasitic_p::Nematode;Phototroph::non-legume;parasitic
Pathogen::Pythium;Phototroph::non-legume;parasitic
Pathogen::Pythium_m;Phototroph::non-legume;parasitic
Phytophage::Aphididae;Phototroph::non-legume;trophic
Phytophage::Elateridae;Phototroph::non-legume;trophic
Phytophage::Nematode;Phototroph::non-legume;trophic
Parasitic::Phoma;Phototroph::non-legume;parasitic
Parasitic::Cladosporium;Phototroph::non-legume;parasitic
Parasitic::Itersonilia;Phototroph::non-legume;parasitic
ACM::Glomeromyc;Phototroph::Pinales;symbiotic
Mammifere;Phototroph::Pinales;trophic
Parasitic::Thripinae;Phototroph::Pinales;parasitic
Parasitic_p::Nematode;Phototroph::Pinales;parasitic
Pathogen::Pythium;Phototroph::Pinales;parasitic
Pathogen::Pythium_m;Phototroph::Pinales;parasitic
Phytophage::Aphididae;Phototroph::Pinales;trophic
Phytophage::Elateridae;Phototroph::Pinales;trophic
Phytophage::Nematode;Phototroph::Pinales;trophic
Phytophage::Otiorhynchus ;Phototroph::Pinales;trophic
Saprotroph::Endogone.lactiflua;Phototroph::Pinales;symbiotic
Parasitic::Phoma;Phototroph::Pinales;parasitic
Parasitic::Itersonilia;Phototroph::Pinales;parasitic
Parasitic::Chondrostereum;Phototroph::Pinales;parasitic
ACM::Glomeromyc;Phototroph::Poaceae;symbiotic
Mammifere;Phototroph::Poaceae;trophic
Parasitic::Thripinae;Phototroph::Poaceae;parasitic
Parasitic_p::Nematode;Phototroph::Poaceae;parasitic
Pathogen::Polymyxa;Phototroph::Poaceae;parasitic
Pathogen::Pythium;Phototroph::Poaceae;parasitic
Pathogen::Pythium_m;Phototroph::Poaceae;parasitic
Phytophage::Aphididae;Phototroph::Poaceae;trophic
Phytophage::Elateridae;Phototroph::Poaceae;trophic
Phytophage::Macrosiphini;Phototroph::Poaceae;trophic
Phytophage::Nematode;Phototroph::Poaceae;trophic
Phytophage::Rhopalosiphum;Phototroph::Poaceae;trophic
Parasitic::Rhizoctonia_s;Phototroph::Poaceae;parasitic
Parasitic::Rhizoctonia_z;Phototroph::Poaceae;parasitic
Parasitic::Phoma;Phototroph::Poaceae;parasitic
Parasitic:Limonomyces;Phototroph::Poaceae;parasitic
Parasitic::Cladosporium;Phototroph::Poaceae;parasitic
Parasitic::Gaeumannomyces;Phototroph::Poaceae;parasitic
Parasitic::Magnaporthe;Phototroph::Poaceae;parasitic
Parasitic::Itersonilia;Phototroph::Poaceae;parasitic
Parasitic::Rhizophydium;Phototroph::Poaceae;parasitic
ACM::Glomeromyc;Phototroph::Polygonaceae;symbiotic
Mammifere;Phototroph::Polygonaceae;trophic
Parasitic::Thripinae;Phototroph::Polygonaceae;parasitic
Parasitic_p::Nematode;Phototroph::Polygonaceae;parasitic
Pathogen::Pythium;Phototroph::Polygonaceae;parasitic
Pathogen::Pythium_m;Phototroph::Polygonaceae;parasitic
Phytophage::Aphididae;Phototroph::Polygonaceae;trophic
Phytophage::Elateridae;Phototroph::Polygonaceae;trophic
Phytophage::Nematode;Phototroph::Polygonaceae;trophic
Phytophage::Otiorhynchus ;Phototroph::Polygonaceae;trophic
Parasitic::Phoma;Phototroph::Polygonaceae;parasitic
Parasitic::Itersonilia;Phototroph::Polygonaceae;parasitic
Parasitic::Rhizophydium;Phototroph::Polygonaceae;parasitic
ACM::Glomeromyc;Phototroph::Ranunculales;symbiotic
Mammifere;Phototroph::Ranunculales;trophic
Parasitic::Thripinae;Phototroph::Ranunculales;parasitic
Parasitic_p::Nematode;Phototroph::Ranunculales;trophic
Pathogen::Pythium;Phototroph::Ranunculales;trophic
Pathogen::Pythium_m;Phototroph::Ranunculales;trophic
Phytophage::Aphididae;Phototroph::Ranunculales;trophic
Phytophage::Barynotus;Phototroph::Ranunculales;trophic
Phytophage::Elateridae;Phototroph::Ranunculales;trophic
Phytophage::Nematode;Phototroph::Ranunculales;trophic
Parasitic::Phoma;Phototroph::Ranunculales;parasitic
Parasitic::Entyloma;Phototroph::Ranunculales;parasitic
Parasitic::Itersonilia;Phototroph::Ranunculales;parasitic
ACM::Glomeromyc;Phototroph::Salicaceae;symbiotic
Mammifere;Phototroph::Salicaceae;trophic
Parasitic::Thripinae;Phototroph::Salicaceae;parasitic
Parasitic_p::Nematode;Phototroph::Salicaceae;parasitic
Pathogen::Pythium;Phototroph::Salicaceae;parasitic
Pathogen::Pythium_m;Phototroph::Salicaceae;parasitic
Phytophage::Aphididae;Phototroph::Salicaceae;trophic
Phytophage::Elateridae;Phototroph::Salicaceae;trophic
Phytophage::Nematode;Phototroph::Salicaceae;trophic
Phytophage::Noctua;Phototroph::Salicaceae;trophic
Parasitic::Phoma;Phototroph::Salicaceae;parasitic
Parasitic::Itersonilia;Phototroph::Salicaceae;parasitic
Parasitic::Chondrostereum;Phototroph::Salicaceae;parasitic
ACM::Glomeromyc;Phototroph::Solanaceae;symbiotic
Mammifere;Phototroph::Solanaceae;trophic
Parasitic::Rhizoglyphus;Phototroph::Solanaceae;parasitic
Parasitic::Thripinae;Phototroph::Solanaceae;parasitic
Parasitic_p::Nematode;Phototroph::Solanaceae;parasitic
Pathogen::Spongospora;Phototroph::Solanaceae;parasitic
Phytophage::Aphididae;Phototroph::Solanaceae;trophic
Phytophage::Aulacorthum;Phototroph::Solanaceae;trophic
Phytophage::Elateridae;Phototroph::Solanaceae;trophic
Phytophage::Macrosiphini;Phototroph::Solanaceae;trophic
Phytophage::Myzus;Phototroph::Solanaceae;trophic
Phytophage::Nematode;Phototroph::Solanaceae;trophic
Parasitic::Rhizoctonia_s;Phototroph::Solanaceae;parasitic
Parasitic::Phoma;Phototroph::Solanaceae;parasitic
Parasitic::Itersonilia;Phototroph::Solanaceae;parasitic
Pathogen::Spongospora;Phototroph::Solanaceae;parasitic
ACM::Glomeromyc;Phototroph::Taxaceae;symbiotic
Mammifere;Phototroph::Taxaceae;trophic
Parasitic::Thripinae;Phototroph::Taxaceae;parasitic
Parasitic_p::Nematode;Phototroph::Taxaceae;parasitic
Pathogen::Pythium;Phototroph::Taxaceae;parasitic
Pathogen::Pythium_m;Phototroph::Taxaceae;parasitic
Phytophage::Aphididae;Phototroph::Taxaceae;trophic
Phytophage::Elateridae;Phototroph::Taxaceae;trophic
Phytophage::Nematode;Phototroph::Taxaceae;trophic
Phytophage::Otiorhynchus ;Phototroph::Taxaceae;trophic
Parasitic::Phoma;Phototroph::Taxaceae;parasitic
Parasitic::Itersonilia;Phototroph::Taxaceae;parasitic
Parasitic::Chondrostereum;Phototroph::Taxaceae;parasitic
ACM::Glomeromyc;Phototroph::Urticaceae;symbiotic
Mammifere;Phototroph::Urticaceae;trophic
Parasitic::Thripinae;Phototroph::Urticaceae;parasitic
Parasitic_p::Nematode;Phototroph::Urticaceae;parasitic
Phytophage::Aphididae;Phototroph::Urticaceae;trophic
Phytophage::Elateridae;Phototroph::Urticaceae;trophic
Phytophage::Nematode;Phototroph::Urticaceae;trophic
Phytophage::Noctua;Phototroph::Urticaceae;trophic
Parasitic::Phoma;Phototroph::Urticaceae;parasitic
Parasitic::Itersonilia;Phototroph::Urticaceae;parasitic
Parasitic::Aphidius;Phytophage::Acyrthosiphon;parasitic
Parasitic::Romanomermis;Phytophage::Acyrthosiphon;parasitic
Parasitic::Trypanosomatidae;Phytophage::Acyrthosiphon;parasitic
Parasitic::Entomopath;Phytophage::Acyrthosiphon;parasitic
Pred2attach::Protist;Phytophage::Algae;trophic
Pred2free::Protist;Phytophage::Algae;trophic
Parasitic::Romanomermis;Phytophage::Aphididae;parasitic
Parasitic::Trypanosomatidae;Phytophage::Aphididae;parasitic
Parasitic::Entomopath;Phytophage::Aphididae;parasitic
Non.selective::Forficulidae;Phytophage::Aphis;trophic
Non.selective::Myrmica;Phytophage::Aphis;symbiotic
Parasitic::Aphidius;Phytophage::Aphis;parasitic
Parasitic::Romanomermis;Phytophage::Aphis;parasitic
Parasitic::Trypanosomatidae;Phytophage::Aphis;parasitic
Parasitic::Entomopath;Phytophage::Aphis;parasitic
Non.selective::Forficulidae;Phytophage::Aulacorthum;trophic
Parasitic::Aphidius;Phytophage::Aulacorthum;parasitic
Parasitic::Romanomermis;Phytophage::Aulacorthum;parasitic
Parasitic::Trypanosomatidae;Phytophage::Aulacorthum;parasitic
Parasitic::Entomopath;Phytophage::Aulacorthum;parasitic
Parasitic::Romanomermis;Phytophage::Barynotus;parasitic
Parasitic::Trypanosomatidae;Phytophage::Barynotus;parasitic
Parasitic::Entomopath;Phytophage::Barynotus;parasitic
Parasitic::Romanomermis;Phytophage::Elateridae;parasitic
Parasitic::Trypanosomatidae;Phytophage::Elateridae;parasitic
Pred3::Pseudosc;Phytophage::Elateridae;trophic
Pred4::Carabidae;Phytophage::Elateridae;trophic
Pred4::Chilopode;Phytophage::Elateridae;trophic
Parasitic::Entomopath;Phytophage::Elateridae;parasitic
Non.selective::Forficulidae;Phytophage::Macrosiphini;trophic
Parasitic::Aphidius;Phytophage::Macrosiphini;parasitic
Parasitic::Romanomermis;Phytophage::Macrosiphini;parasitic
Parasitic::Trypanosomatidae;Phytophage::Macrosiphini;parasitic
Parasitic::Entomopath;Phytophage::Macrosiphini;parasitic
Non.selective::Forficulidae;Phytophage::Myzus;trophic
Parasitic::Aphidius;Phytophage::Myzus;parasitic
Parasitic::Romanomermis;Phytophage::Myzus;parasitic
Parasitic::Trypanosomatidae;Phytophage::Myzus;parasitic
Parasitic::Entomopath;Phytophage::Myzus;parasitic
Pred3::Mesostigmata;Phytophage::Nematode;trophic
Pred3::Pseudosc;Phytophage::Nematode;trophic
Pred4::Robertus;Phytophage::Nematode;trophic
Parasitic::Romanomermis;Phytophage::Noctua;parasitic
Parasitic::Trypanosomatidae;Phytophage::Noctua;parasitic
Parasitic::Entomopath;Phytophage::Noctua;parasitic
Non.selective::Endeostigmata;Phytophage::Otiorhynchus ;trophic
Parasitic::Romanomermis;Phytophage::Otiorhynchus ;parasitic
Parasitic::Trypanosomatidae;Phytophage::Otiorhynchus ;parasitic
Pred3::Mesostigmata;Phytophage::Otiorhynchus ;trophic
Pred3::Pseudosc;Phytophage::Otiorhynchus ;trophic
Pred4::Carabidae;Phytophage::Otiorhynchus ;trophic
Pred4::Chilopode;Phytophage::Otiorhynchus ;trophic
Parasitic::Entomopath;Phytophage::Otiorhynchus ;parasitic
Parasitic::Romanomermis;Phytophage::Pemphigus;parasitic
Parasitic::Trypanosomatidae;Phytophage::Pemphigus;parasitic
Parasitic::Entomopath;Phytophage::Pemphigus;parasitic
Non.selective::Forficulidae;Phytophage::Rhopalosiphum;trophic
Parasitic::Aphidius;Phytophage::Rhopalosiphum;parasitic
Parasitic::Romanomermis;Phytophage::Rhopalosiphum;parasitic
Parasitic::Trypanosomatidae;Phytophage::Rhopalosiphum;parasitic
Parasitic::Entomopath;Phytophage::Rhopalosiphum;parasitic
Parasitic::Romanomermis;Phytophage::Sitona;parasitic
Parasitic::Trypanosomatidae;Phytophage::Sitona;parasitic
Parasitic::Entomopath;Phytophage::Sitona;parasitic
Non.selective::Nematode;Pred1attach::Protist;trophic
Pred2attach::Protist;Pred1attach::Protist;trophic
Pred3::Nematode;Pred1attach::Protist;trophic
Non.selective::Nematode;Pred1free::Protist;trophic
Pred2free::Protist;Pred1free::Protist;trophic
Pred3::Nematode;Pred1free::Protist;trophic
Non.selective::Nematode;Pred2attach::Protist;trophic
Pred3::Nematode;Pred2attach::Protist;trophic
Non.selective::Nematode;Pred2free::Protist;trophic
Pred3::Nematode;Pred2free::Protist;trophic
Pred4::Carabidae;Pred3::Mesostigmata;trophic
Pred4::Chilopode;Pred3::Mesostigmata;trophic
Parasitic::Entomopath;Pred3::Mesostigmata;parasitic
Pathogen::Pythium_m;Pred3::Nematode;parasitic
Pred3::Mesostigmata;Pred3::Nematode;trophic
Pred3::Pseudosc;Pred3::Nematode;trophic
Pred4::Robertus;Pred3::Nematode;trophic
Parasitic::Entomopath;Pred3::Pseudosc;parasitic
Parasitic::Romanomermis;Pred4::Carabidae;parasitic
Parasitic::Trypanosomatidae;Pred4::Carabidae;parasitic
Parasitic::Entomopath;Pred4::Carabidae;parasitic
Pred4::Carabidae;Pred4::Chilopode;trophic
Parasitic::Entomopath;Pred4::Chilopode;parasitic
Parasitic::Entomopath;Pred4::Robertus;parasitic
Lignotroph::Fungi;Resource::Decaying_wood;trophic
Fungi::Saprotroph;Resource::Decaying_wood;trophic
Miners::Bacterie;Resource::Decaying_wood;trophic
unknown::Bacterie;Resource::Decaying_wood;trophic
Coprophage::Insect;Resource::Dung;trophic
Coprotroph::Ascomycota;Resource::Dung;trophic
Coprotroph::Basidiomycota;Resource::Dung;trophic
Saprotoph::Zoopagales;Resource::Dung;trophic
Decomposers::Bacterie;Resource::Dung;trophic
Decomposers::Archae;Resource::Dung;trophic
Fungi::Saprotroph;Resource::Dung;trophic
Opportunists::Bacterie;Resource::Dung;trophic
unknown::Bacterie;Resource::Dung;trophic
Non.selective::Forficulidae;Resource::Litter;trophic
Saprofungivore::Collembole;Resource::Litter;trophic
Saprophage::Diplopode;Resource::Litter;trophic
Saprophage::Diploure;Resource::Litter;trophic
Saprophage::Diptere;Resource::Litter;trophic
Saprophage::Oribate;Resource::Litter;trophic
Saprophageous::Enchy;Resource::Litter;trophic
Saprotoph::Zoopagales;Resource::Litter;trophic
Saprotroph::Fungi;Resource::Litter;trophic
Saprotroph::Multiclavula ;Resource::Litter;trophic
Decomposers::Bacterie;Resource::Litter;trophic
Decomposers::Archae;Resource::Litter;trophic
Fungi::Saprotroph;Resource::Litter;trophic
Opportunists::Bacterie;Resource::Litter;trophic
unknown::Bacterie;Resource::Litter;trophic
Geophageous::Lumb;Resource::MOS;trophic
Saprogeophageous::Lumb;Resource::MOS;trophic
Saprotoph::Zoopagales;Resource::MOS;trophic
Saprotroph::Endogone;Resource::MOS;trophic
Saprotroph::Endogone.lactiflua;Resource::MOS;trophic
Saprotroph::Chytridium;Resource::MOS;trophic
Decomposers::Bacterie;Resource::MOS;trophic
Decomposers::Archae;Resource::MOS;trophic
Fungi::Saprotroph;Resource::MOS;trophic
Miners::Bacterie;Resource::MOS;trophic
Opportunists::Bacterie;Resource::MOS;trophic
unknown::Bacterie;Resource::MOS;trophic
Pred3::Mesostigmata;Saprofungivore::Collembole;trophic
Pred3::Pseudosc;Saprofungivore::Collembole;trophic
Pred4::Chilopode;Saprofungivore::Collembole;trophic
Pred4::Robertus;Saprofungivore::Collembole;trophic
Parasitic::Entomopath;Saprofungivore::Collembole;parasitic
Parasitic::Anoplophrya;Saprogeophageous::Lumb;parasitic
Parasitic::Glossiphoniidae;Saprogeophageous::Lumb;parasitic
Parasitic::Monocystis;Saprogeophageous::Lumb;parasitic
Parasitic::Entomopath;Saprophage::Diplopode;parasitic
Pred4::Chilopode;Saprophage::Diploure;trophic
Pred4::Robertus;Saprophage::Diploure;trophic
Parasitic::Entomopath;Saprophage::Diploure;parasitic
Non.selective::Uropoda;Saprophage::Diptere;trophic
Parasitic::Romanomermis;Saprophage::Diptere;parasitic
Parasitic::Trypanosomatidae;Saprophage::Diptere;parasitic
Pred4::Chilopode;Saprophage::Diptere;trophic
Pred4::Robertus;Saprophage::Diptere;trophic
Parasitic::Entomopath;Saprophage::Diptere;parasitic
Pred3::Mesostigmata;Saprophage::Oribate;trophic
Pred3::Mesostigmata;Saprophage::Oribate;trophic
Pred3::Pseudosc;Saprophage::Oribate;trophic
Pred4::Chilopode;Saprophage::Oribate;trophic
Parasitic::Entomopath;Saprophage::Oribate;parasitic
Parasitic::Anoplophrya;Saprophageous::Enchy;parasitic
Parasitic::Glossiphoniidae;Saprophageous::Enchy;parasitic
Parasitic::Monocystis;Saprophageous::Enchy;parasitic
Pred3::Mesostigmata;Saprophageous::Enchy;trophic
Pred3::Pseudosc;Saprophageous::Enchy;trophic
Pred4::Chilopode;Saprophageous::Enchy;trophic
Pred4::Robertus;Saprophageous::Enchy;trophic
Parasitic::Anoplophrya;Saprophageous::Lumb;parasitic
Parasitic::Glossiphoniidae;Saprophageous::Lumb;parasitic
Parasitic::Monocystis;Saprophageous::Lumb;parasitic
Pred4::Chilopode;Saprophageous::Lumb;trophic
Fungivorous::Astigmata;Saprotoph::Zoopagales;trophic
Fungivorous::Insect;Saprotoph::Zoopagales;trophic
Fungivorous::Nematode;Saprotoph::Zoopagales;trophic
Fungivorous::Protist;Saprotoph::Zoopagales;trophic
Saprofungivore::Collembole;Saprotoph::Zoopagales;trophic
Fungivorous::Astigmata;Saprotroph::Chytridium;trophic
Fungivorous::Insect;Saprotroph::Chytridium;trophic
Fungivorous::Nematode;Saprotroph::Chytridium;trophic
Fungivorous::Protist;Saprotroph::Chytridium;trophic
Saprofungivore::Collembole;Saprotroph::Chytridium;trophic
Fungivorous::Astigmata;Saprotroph::Endogone;trophic
Fungivorous::Insect;Saprotroph::Endogone;trophic
Fungivorous::Nematode;Saprotroph::Endogone;trophic
Fungivorous::Protist;Saprotroph::Endogone;trophic
Non.selective::Forficulidae;Saprotroph::Endogone;trophic
Non.selective::Nematode;Saprotroph::Endogone;trophic
Non.selective::Uropoda;Saprotroph::Endogone;trophic
Saprofungivore::Collembole;Saprotroph::Endogone;trophic
Fungivorous::Astigmata;Saprotroph::Fungi;trophic
Fungivorous::Insect;Saprotroph::Fungi;trophic
Fungivorous::Nematode;Saprotroph::Fungi;trophic
Fungivorous::Protist;Saprotroph::Fungi;trophic
Non.selective::Forficulidae;Saprotroph::Fungi;trophic
Non.selective::Nematode;Saprotroph::Fungi;trophic
Non.selective::Uropoda;Saprotroph::Fungi;trophic
Saprofungivore::Collembole;Saprotroph::Fungi;trophic
Fungivorous::Astigmata;Saprotroph::Multiclavula ;trophic
Fungivorous::Insect;Saprotroph::Multiclavula ;trophic
Fungivorous::Nematode;Saprotroph::Multiclavula ;trophic
Fungivorous::Protist;Saprotroph::Multiclavula ;trophic
Non.selective::Forficulidae;Saprotroph::Multiclavula ;trophic
Non.selective::Nematode;Saprotroph::Multiclavula ;trophic
Non.selective::Uropoda;Saprotroph::Multiclavula ;trophic
Saprofungivore::Collembole;Saprotroph::Multiclavula ;trophic
Pathogen::Pythium_m;unknown::Nematode;parasitic
Pred3::Mesostigmata;Bacterivorous::Protist;trophic
Pred3::Pseudosc;Bacterivorous::Protist;trophic
Non.selective::Nematode;Bacterivorous::Protist;trophic
Pred2attach::Protist;Bacterivorous::Protist;trophic
Pred3::Nematode;Bacterivorous::Protist;trophic
Pred2free::Protist;Bacterivorous::Protist;trophic
Pred3::Mesostigmata;Fungivorous::Protist;trophic
Pred3::Pseudosc;Fungivorous::Protist;trophic
Non.selective::Nematode;Fungivorous::Protist;trophic
Pred2attach::Protist;Fungivorous::Protist;trophic
Pred3::Nematode;Fungivorous::Protist;trophic
Pred2free::Protist;Fungivorous::Protist;trophic
Pred3::Mesostigmata;Algivorous::Protist;trophic
Pred3::Pseudosc;Algivorous::Protist;trophic
Non.selective::Nematode;Algivorous::Protist;trophic
Pred2attach::Protist;Algivorous::Protist;trophic
Pred3::Nematode;Algivorous::Protist;trophic
Pred2free::Protist;Algivorous::Protist;trophic
Fungivorous::Astigmata;Saprotroph::Endogone.lactiflua;trophic
Fungivorous::Insect;Saprotroph::Endogone.lactiflua;trophic
Fungivorous::Nematode;Saprotroph::Endogone.lactiflua;trophic
Fungivorous::Protist;Saprotroph::Endogone.lactiflua;trophic
Saprofungivore::Collembole;Saprotroph::Endogone.lactiflua;trophic
Fungivorous::Astigmata;Saprotroph::Sistronema;trophic
Fungivorous::Insect;Saprotroph::Sistronema;trophic
Fungivorous::Nematode;Saprotroph::Sistronema;trophic
Fungivorous::Protist;Saprotroph::Sistronema;trophic
Saprofungivore::Collembole;Saprotroph::Sistronema;trophic
ACM::Glomeromyc;Phototroph::Caryophyllaceae;trophic
Mammifere;Phototroph::Caryophyllaceae;trophic
Parasitic::Thripinae;Phototroph::Caryophyllaceae;trophic
Parasitic_p::Nematode;Phototroph::Caryophyllaceae;trophic
Pathogen::Pythium;Phototroph::Caryophyllaceae;trophic
Pathogen::Pythium_m;Phototroph::Caryophyllaceae;trophic
Phytophage::Aphididae;Phototroph::Caryophyllaceae;trophic
Phytophage::Elateridae;Phototroph::Caryophyllaceae;trophic
Phytophage::Nematode;Phototroph::Caryophyllaceae;trophic
Phytophage::Otiorhynchus ;Phototroph::Caryophyllaceae;trophic
Parasitic::Phoma;Phototroph::Caryophyllaceae;trophic
Parasitic::Itersonilia;Phototroph::Caryophyllaceae;trophic
Parasitic::Chondrostereum;Phototroph::Caryophyllaceae;trophic
Parasitic::Alternaria;NA;parasitic
Parasitic::Cochlonema;NA;parasitic
Parasitic::Coniobolus;NA;parasitic
Parasitic::Malassezia;NA;parasitic
Parasitic::Pythium;NA;parasitic
Parasitic::Synchitrium;NA;parasitic
Parasitic::Syncistis (parasite d'Aeschne … insecte…);NA;parasitic
Phytophage::Aphis;NA;parasitic
Saprotroph::Sistronema;Resource::Decaying_wood;trophic
Saprotroph::Sistronema;Resource::Dung;trophic
Saprotroph::Sistronema;Resource::Litter;trophic
Saprotroph::Sistronema;Resource::MOS;trophic
